id,op,target_id,value
aac_mix_test_000000,TYPE,elem_ea6fee3c,2026-05-08
aac_mix_test_000001,CLICK,elem_15b724e6,
aac_mix_test_000002,CLICK,elem_a14334ec,
aac_mix_test_000003,CLICK,elem_88929a10,
aac_mix_test_000004,CLICK,elem_2da289d3,
aac_mix_test_000005,TYPE,elem_839b03d3,2026-12-23
aac_mix_test_000006,CLICK,elem_1a41eee7,
aac_mix_test_000007,SELECT,elem_36619baf,Production
aac_mix_test_000008,SELECT,elem_6e26d43c,48
aac_mix_test_000009,CLICK,elem_2a7f2305,
aac_mix_test_000010,TYPE,elem_776ea563,849
aac_mix_test_000011,CLICK,elem_3bf810fb,
aac_mix_test_000012,SELECT,elem_fcd5a77f,A1
aac_mix_test_000013,CLICK,elem_496ec848,
aac_mix_test_000014,CLICK,elem_74d81e1b,
aac_mix_test_000015,CLICK,elem_828905ac,
aac_mix_test_000016,CLICK,elem_e2f7ff30,
aac_mix_test_000017,CLICK,elem_052d7b7c,
aac_mix_test_000018,CLICK,elem_8954394e,
aac_mix_test_000019,CLICK,elem_43b5a58d,
aac_mix_test_000020,SELECT,elem_849c4cf4,Studio East
aac_mix_test_000021,CLICK,elem_5872bc93,
aac_mix_test_000022,CLICK,elem_43626ac9,
aac_mix_test_000023,TYPE,elem_fc14e6c4,B-393
aac_mix_test_000024,TYPE,elem_a1927f16,Dawon
aac_mix_test_000025,TYPE,elem_558fad68,2026-06-02
aac_mix_test_000026,CLICK,elem_8a61a56e,
aac_mix_test_000027,SELECT,elem_8a030ffb,Ready for edit
aac_mix_test_000028,TYPE,elem_ea104e79,Organic strawberries
aac_mix_test_000029,CLICK,elem_458beb1c,
aac_mix_test_000030,CLICK,elem_f07f411f,
aac_mix_test_000031,SELECT,elem_bfb420ab,GBP
aac_mix_test_000032,SELECT,elem_1690c56a,Soak
aac_mix_test_000033,TYPE,elem_2f9a1ed3,DRN-RF2869
aac_mix_test_000034,TYPE,elem_d139a63e,100
aac_mix_test_000035,TYPE,elem_c6a1bef7,Jamie
aac_mix_test_000036,CLICK,elem_23cb8776,
aac_mix_test_000037,CLICK,elem_63d6b7b5,
aac_mix_test_000038,TYPE,elem_45a349b8,denise.bloom@bbt.com
aac_mix_test_000039,CLICK,elem_1024d22a,
aac_mix_test_000040,CLICK,elem_45c65715,
aac_mix_test_000041,CLICK,elem_8a2f50ca,
aac_mix_test_000042,TYPE,elem_52919780,web-50
aac_mix_test_000043,CLICK,elem_5b5d8376,
aac_mix_test_000044,SELECT,elem_2107da2d,SGD
aac_mix_test_000045,TYPE,elem_61e6e94b,GRT-YY94017
aac_mix_test_000046,CLICK,elem_da3d70f9,
aac_mix_test_000047,CLICK,elem_49887c55,
aac_mix_test_000048,CLICK,elem_90370e6e,
aac_mix_test_000049,SELECT,elem_7ce691b2,Maple
aac_mix_test_000050,CLICK,elem_aca49f9c,
aac_mix_test_000051,CLICK,elem_bdc9f3e9,
aac_mix_test_000052,SELECT,elem_46bd15c7,09:30-11:30
aac_mix_test_000053,CLICK,elem_a07933c1,
aac_mix_test_000054,CLICK,elem_669d95fa,
aac_mix_test_000055,CLICK,elem_7216211d,
aac_mix_test_000056,CLICK,elem_62eee020,
aac_mix_test_000057,SELECT,elem_d1da540f,Portal note
aac_mix_test_000058,CLICK,elem_38891477,
aac_mix_test_000059,CLICK,elem_25cc4c42,
aac_mix_test_000060,TYPE,elem_ce7b62d5,dog treats
aac_mix_test_000061,CLICK,elem_8eddc991,
aac_mix_test_000062,CLICK,elem_55f9905f,
aac_mix_test_000063,SELECT,elem_d6af7c9d,Proration
aac_mix_test_000064,CLICK,elem_857d3d56,
aac_mix_test_000065,TYPE,elem_27d39fc8,2026-11-17
aac_mix_test_000066,CLICK,elem_cf351a80,
aac_mix_test_000067,CLICK,elem_11674f88,
aac_mix_test_000068,CLICK,elem_27485abb,
aac_mix_test_000069,SELECT,elem_9cac6df6,Theater
aac_mix_test_000070,CLICK,elem_9089f475,
aac_mix_test_000071,CLICK,elem_9a7bc91e,
aac_mix_test_000072,TYPE,elem_6f58cc49,Parker Lewis
aac_mix_test_000073,CLICK,elem_376177de,
aac_mix_test_000074,CLICK,elem_1b207667,
aac_mix_test_000075,SELECT,elem_cc530ab6,Low
aac_mix_test_000076,TYPE,elem_d6b6c0b3,web-78
aac_mix_test_000077,CLICK,elem_227a31ed,
aac_mix_test_000078,SELECT,elem_42f51d41,CC-118
aac_mix_test_000079,CLICK,elem_120213d1,
aac_mix_test_000080,SELECT,elem_73b4cd60,SEV-1
aac_mix_test_000081,TYPE,elem_b4dbf8c8,Grand Central
aac_mix_test_000082,SELECT,elem_edd8d2f8,Restricted
aac_mix_test_000083,CLICK,elem_aa3a6c67,
aac_mix_test_000084,SELECT,elem_f3645e17,A2
aac_mix_test_000085,CLICK,elem_4bf156d8,
aac_mix_test_000086,CLICK,elem_616b2520,
aac_mix_test_000087,CLICK,elem_be3c3108,
aac_mix_test_000088,CLICK,elem_aba92074,
aac_mix_test_000089,TYPE,elem_60f1fe28,SN-MY972552
aac_mix_test_000090,CLICK,elem_688a7252,
aac_mix_test_000091,SELECT,elem_098035b0,Banquet
aac_mix_test_000092,CLICK,elem_69d43db7,
aac_mix_test_000093,CLICK,elem_2829bd8d,
aac_mix_test_000094,TYPE,elem_5e81d3d1,07470
aac_mix_test_000095,CLICK,elem_04b22e0f,
aac_mix_test_000096,TYPE,elem_cd1176a3,Evan Clark
aac_mix_test_000097,CLICK,elem_4b425a49,
aac_mix_test_000098,TYPE,elem_34113315,buckeye.foobar@gmail.com
aac_mix_test_000099,TYPE,elem_083feacb,alanson
aac_mix_test_000100,TYPE,elem_878cd486,Cedar
aac_mix_test_000101,CLICK,elem_1a498062,
aac_mix_test_000102,CLICK,elem_5aa6bd51,
aac_mix_test_000103,TYPE,elem_fb55dda2,Jordan Adams
aac_mix_test_000104,CLICK,elem_022f2efb,
aac_mix_test_000105,CLICK,elem_0d2162e1,
aac_mix_test_000106,CLICK,elem_2bc63a96,
aac_mix_test_000107,CLICK,elem_3d61e13a,
aac_mix_test_000108,SELECT,elem_7d85e7ce,CC-310
aac_mix_test_000109,SELECT,elem_f3892fda,Atrium
aac_mix_test_000110,TYPE,elem_f0cfc7fa,Morgan Young
aac_mix_test_000111,TYPE,elem_c6aa3d88,KCCR
aac_mix_test_000112,TYPE,elem_f1602490,Phuket
aac_mix_test_000113,TYPE,elem_1cd32c5b,BK-WQ36965
aac_mix_test_000114,CLICK,elem_7d0c7f9f,
aac_mix_test_000115,CLICK,elem_20502045,
aac_mix_test_000116,CLICK,elem_fdb38314,
aac_mix_test_000117,CLICK,elem_e99a201c,
aac_mix_test_000118,CLICK,elem_30f5ff45,
aac_mix_test_000119,CLICK,elem_8482a6bf,
aac_mix_test_000120,CLICK,elem_be2bf0ae,
aac_mix_test_000121,TYPE,elem_24d1fd08,Harper
aac_mix_test_000122,CLICK,elem_0933e2ca,
aac_mix_test_000123,SELECT,elem_2f80b467,Growth
aac_mix_test_000124,SELECT,elem_a5fecb96,Enterprise
aac_mix_test_000125,CLICK,elem_18a3004a,
aac_mix_test_000126,SELECT,elem_04dfa37d,Scholar access
aac_mix_test_000127,CLICK,elem_4f26029a,
aac_mix_test_000128,SELECT,elem_8aaad483,Troll
aac_mix_test_000129,TYPE,elem_14dc9547,tomato
aac_mix_test_000130,CLICK,elem_ef92dbcd,
aac_mix_test_000131,SELECT,elem_b004cc0d,Gluten-free
aac_mix_test_000132,CLICK,elem_6cc59bb5,
aac_mix_test_000133,TYPE,elem_26cd2d5b,Bay Shore
aac_mix_test_000134,SELECT,elem_7735ebb5,3
aac_mix_test_000135,CLICK,elem_a5d5047c,
aac_mix_test_000136,SELECT,elem_37214d34,"Thu, Mar 23, 2023"
aac_mix_test_000137,TYPE,elem_a9d6a346,2023-04-01
aac_mix_test_000138,CLICK,elem_20326290,
aac_mix_test_000139,TYPE,elem_911f557c,edge-21
aac_mix_test_000140,CLICK,elem_9df6d944,
aac_mix_test_000141,CLICK,elem_8b7639a8,
aac_mix_test_000142,CLICK,elem_9c0e8c38,
aac_mix_test_000143,SELECT,elem_03e73f1a,"Boston, NY"
aac_mix_test_000144,CLICK,elem_c681e2eb,
aac_mix_test_000145,CLICK,elem_2a685ed3,
aac_mix_test_000146,CLICK,elem_3b348ddf,
aac_mix_test_000147,CLICK,elem_8360dd13,
aac_mix_test_000148,CLICK,elem_e7ed6134,
aac_mix_test_000149,TYPE,elem_a72d67fc,Theo
aac_mix_test_000150,CLICK,elem_575f6781,
aac_mix_test_000151,TYPE,elem_9a8983e0,BK-QA32918
aac_mix_test_000152,CLICK,elem_42db79db,
aac_mix_test_000153,CLICK,elem_61d3144d,
aac_mix_test_000154,TYPE,elem_c8a0893f,Jisoo
aac_mix_test_000155,CLICK,elem_264bc0da,
aac_mix_test_000156,SELECT,elem_80b2a99d,Lowest Price
aac_mix_test_000157,SELECT,elem_99eaab4c,Temporary
aac_mix_test_000158,CLICK,elem_7ac3e643,
aac_mix_test_000159,SELECT,elem_48211a83,Pulse
aac_mix_test_000160,CLICK,elem_e98d5175,
aac_mix_test_000161,CLICK,elem_f33f6cde,
aac_mix_test_000162,CLICK,elem_23cd0208,
aac_mix_test_000163,CLICK,elem_91a81255,
aac_mix_test_000164,CLICK,elem_e7f28e7f,
aac_mix_test_000165,CLICK,elem_9664be3e,
aac_mix_test_000166,TYPE,elem_e5abb426,Drew Singh
aac_mix_test_000167,TYPE,elem_6425c602,edge-52
aac_mix_test_000168,SELECT,elem_b7810a36,Payload imagery
aac_mix_test_000169,SELECT,elem_c5f6a05b,Ridge line
aac_mix_test_000170,TYPE,elem_ede1e364,xbox one
aac_mix_test_000171,CLICK,elem_d5cdaa0f,
aac_mix_test_000172,CLICK,elem_38f3a4bd,
aac_mix_test_000173,TYPE,elem_d84fe57a,2026-05-11
aac_mix_test_000174,SELECT,elem_0e266baa,Low
aac_mix_test_000175,CLICK,elem_1394e6a0,
aac_mix_test_000176,TYPE,elem_bc485920,"Houston, TX"
aac_mix_test_000177,TYPE,elem_86d99783,SHIP-JZ73525
aac_mix_test_000178,CLICK,elem_af39913e,
aac_mix_test_000179,SELECT,elem_3f4233e7,18%
aac_mix_test_000180,CLICK,elem_14a48b7e,
aac_mix_test_000181,TYPE,elem_d35da3d8,Rowan
aac_mix_test_000182,CLICK,elem_70e05fd8,
aac_mix_test_000183,SELECT,elem_60ac4ddc,DPA
aac_mix_test_000184,CLICK,elem_c8554f23,
aac_mix_test_000185,CLICK,elem_6e54750a,
aac_mix_test_000186,TYPE,elem_3e2a4372,2026-05-02
aac_mix_test_000187,TYPE,elem_79ed1843,315
aac_mix_test_000188,CLICK,elem_83337517,
aac_mix_test_000189,SELECT,elem_69c5ffbc,Medium
aac_mix_test_000190,TYPE,elem_e49704c3,2026-07-05
aac_mix_test_000191,CLICK,elem_1a5ac969,
aac_mix_test_000192,CLICK,elem_0341605c,
aac_mix_test_000193,CLICK,elem_5ff9b549,
aac_mix_test_000194,SELECT,elem_131266b8,2010
aac_mix_test_000195,CLICK,elem_8d6fcee7,
aac_mix_test_000196,CLICK,elem_b57739c9,
aac_mix_test_000197,CLICK,elem_f82c264c,
aac_mix_test_000198,CLICK,elem_15065945,
aac_mix_test_000199,SELECT,elem_12d54a26,zh-TW
aac_mix_test_000200,CLICK,elem_9efe7926,
aac_mix_test_000201,TYPE,elem_fcb5b7d7,D-110
aac_mix_test_000202,CLICK,elem_2e1886aa,
aac_mix_test_000203,CLICK,elem_58607c15,
aac_mix_test_000204,CLICK,elem_faa70a12,
aac_mix_test_000205,CLICK,elem_4a7924e2,
aac_mix_test_000206,CLICK,elem_412d120f,
aac_mix_test_000207,SELECT,elem_e42cc7ba,SAT-GR8665
aac_mix_test_000208,CLICK,elem_6d9f7842,
aac_mix_test_000209,CLICK,elem_610cf836,
aac_mix_test_000210,TYPE,elem_015a92ee,2026-10-20
aac_mix_test_000211,CLICK,elem_af5c7154,
aac_mix_test_000212,TYPE,elem_c9f12ffb,Under the Canopy
aac_mix_test_000213,TYPE,elem_123affdf,Nadia
aac_mix_test_000214,TYPE,elem_0aee64b9,Quiet Signals
aac_mix_test_000215,SELECT,elem_2166273a,Restricted
aac_mix_test_000216,CLICK,elem_4e150d23,
aac_mix_test_000217,SELECT,elem_056ebb08,Portal note
aac_mix_test_000218,TYPE,elem_61fdb20c,BED-17
aac_mix_test_000219,CLICK,elem_884bdef8,
aac_mix_test_000220,CLICK,elem_08ca5151,
aac_mix_test_000221,SELECT,elem_ed6b0543,50% RH
aac_mix_test_000222,CLICK,elem_145d94df,
aac_mix_test_000223,TYPE,elem_e8adb79c,E-100
aac_mix_test_000224,CLICK,elem_6a6c8985,
aac_mix_test_000225,SELECT,elem_ad534752,3
aac_mix_test_000226,TYPE,elem_744bac26,2026-11-20
aac_mix_test_000227,CLICK,elem_c476170d,
aac_mix_test_000228,TYPE,elem_3c47cc11,ACCT-SY4866
aac_mix_test_000229,CLICK,elem_64509a64,
aac_mix_test_000230,TYPE,elem_821503ab,Jordan
aac_mix_test_000231,TYPE,elem_c629cc64,Arcadia
aac_mix_test_000232,CLICK,elem_ee6b0434,
aac_mix_test_000233,SELECT,elem_89ff7786,Low
aac_mix_test_000234,CLICK,elem_6c5472c2,
aac_mix_test_000235,CLICK,elem_3f7ad2a3,
aac_mix_test_000236,TYPE,elem_6a93888f,2026-07-23
aac_mix_test_000237,CLICK,elem_41191c0f,
aac_mix_test_000238,CLICK,elem_63293e39,
aac_mix_test_000239,CLICK,elem_c1eb0961,
aac_mix_test_000240,CLICK,elem_2aefb536,
aac_mix_test_000241,CLICK,elem_4e779673,
aac_mix_test_000242,CLICK,elem_83191e28,
aac_mix_test_000243,CLICK,elem_62faa36a,
aac_mix_test_000244,SELECT,elem_286d51f7,Ready for mix
aac_mix_test_000245,CLICK,elem_a98be83e,
aac_mix_test_000246,CLICK,elem_2efd2069,
aac_mix_test_000247,CLICK,elem_6efccdf5,
aac_mix_test_000248,TYPE,elem_6a706f81,loose hinge
aac_mix_test_000249,SELECT,elem_3ab4a83c,Slack
aac_mix_test_000250,CLICK,elem_512003b1,
aac_mix_test_000251,CLICK,elem_9f3ed0c9,
aac_mix_test_000252,TYPE,elem_41618d94,Jordan Allen
aac_mix_test_000253,CLICK,elem_4e4bfc18,
aac_mix_test_000254,CLICK,elem_5e916cdc,
aac_mix_test_000255,TYPE,elem_ac22bf96,New York City
aac_mix_test_000256,CLICK,elem_7639ee38,
aac_mix_test_000257,CLICK,elem_36887b79,
aac_mix_test_000258,CLICK,elem_af4eb411,
aac_mix_test_000259,SELECT,elem_a0aed3be,Development
aac_mix_test_000260,SELECT,elem_80b0a7ad,"May 29, 2023 - May 30, 2023"
aac_mix_test_000261,SELECT,elem_e4b51791,Urgent
aac_mix_test_000262,CLICK,elem_aa4b4a7b,
aac_mix_test_000263,CLICK,elem_5f255a38,
aac_mix_test_000264,CLICK,elem_b7ee1717,
aac_mix_test_000265,TYPE,elem_1d7df87b,queue drain stalled
aac_mix_test_000266,SELECT,elem_610d9f36,United States
aac_mix_test_000267,TYPE,elem_c1e41108,878
aac_mix_test_000268,CLICK,elem_bafd50cd,
aac_mix_test_000269,TYPE,elem_f7945cdb,Mina
aac_mix_test_000270,SELECT,elem_32e2f1ad,Unreadable ID
aac_mix_test_000271,CLICK,elem_5c9d6b38,
aac_mix_test_000272,CLICK,elem_eeb6719c,
aac_mix_test_000273,CLICK,elem_8a19e1b9,
aac_mix_test_000274,CLICK,elem_2a8d143b,
aac_mix_test_000275,CLICK,elem_86a5d9d5,
aac_mix_test_000276,TYPE,elem_4edbe53c,Quinn
aac_mix_test_000277,CLICK,elem_86418071,
aac_mix_test_000278,CLICK,elem_7bcaf2cd,
aac_mix_test_000279,TYPE,elem_bb0d1e7e,GRT-EM05586
aac_mix_test_000280,TYPE,elem_4cf8f75d,Kendall
aac_mix_test_000281,CLICK,elem_a24a6f35,
aac_mix_test_000282,TYPE,elem_2aca9838,mushroom
aac_mix_test_000283,CLICK,elem_e4bae25e,
aac_mix_test_000284,CLICK,elem_20dfa9d9,
aac_mix_test_000285,TYPE,elem_9b268f93,ITM-SF3838
aac_mix_test_000286,TYPE,elem_e57cec75,buckeye.foobar@gmail.com
aac_mix_test_000287,CLICK,elem_1d5897c4,
aac_mix_test_000288,SELECT,elem_6609c835,3-5
aac_mix_test_000289,CLICK,elem_504d371d,
aac_mix_test_000290,CLICK,elem_b7995d6b,
aac_mix_test_000291,TYPE,elem_350479b4,oakland
aac_mix_test_000292,TYPE,elem_78789cf6,40
aac_mix_test_000293,SELECT,elem_d2246a05,Warehouse Gate
aac_mix_test_000294,TYPE,elem_502b145b,Sora
aac_mix_test_000295,CLICK,elem_29d292ac,
aac_mix_test_000296,CLICK,elem_42f30baf,
aac_mix_test_000297,CLICK,elem_a9018874,
aac_mix_test_000298,CLICK,elem_85f92f85,
aac_mix_test_000299,SELECT,elem_a294a4dc,Roof deck
aac_mix_test_000300,SELECT,elem_3d324668,Riverside
aac_mix_test_000301,CLICK,elem_0fe87027,
aac_mix_test_000302,CLICK,elem_5c5d813a,
aac_mix_test_000303,CLICK,elem_5ed66380,
aac_mix_test_000304,SELECT,elem_61ba7426,Executive Floor
aac_mix_test_000305,CLICK,elem_64b71a2f,
aac_mix_test_000306,CLICK,elem_9140d640,
aac_mix_test_000307,SELECT,elem_8fc1a5fd,Main feed
aac_mix_test_000308,CLICK,elem_99e6ecc3,
aac_mix_test_000309,CLICK,elem_68c5f3cc,
aac_mix_test_000310,TYPE,elem_7adb6049,222900
aac_mix_test_000311,SELECT,elem_ba7be4a6,Manual discount
aac_mix_test_000312,TYPE,elem_0ed587b7,Emma
aac_mix_test_000313,SELECT,elem_57795569,Production
aac_mix_test_000314,CLICK,elem_66d4bc30,
aac_mix_test_000315,CLICK,elem_6b09dd67,
aac_mix_test_000316,CLICK,elem_5b479e1e,
aac_mix_test_000317,CLICK,elem_2c021286,
aac_mix_test_000318,CLICK,elem_31eb4914,
aac_mix_test_000319,CLICK,elem_24ec08d0,
aac_mix_test_000320,SELECT,elem_df5a41de,Classroom
aac_mix_test_000321,TYPE,elem_aab81297,Emma
aac_mix_test_000322,TYPE,elem_d1675862,Evan
aac_mix_test_000323,SELECT,elem_19c7129f,34%
aac_mix_test_000324,CLICK,elem_f3c3a978,
aac_mix_test_000325,CLICK,elem_fc9d6b61,
aac_mix_test_000326,TYPE,elem_ba9f5c4e,Sam
aac_mix_test_000327,TYPE,elem_510e48c9,2026-09-11
aac_mix_test_000328,TYPE,elem_132961e1,johndoe@example.com
aac_mix_test_000329,CLICK,elem_3b220fe2,
aac_mix_test_000330,TYPE,elem_a48eb3ac,Drew
aac_mix_test_000331,SELECT,elem_ae04104a,Voice call
aac_mix_test_000332,CLICK,elem_160c8e0a,
aac_mix_test_000333,SELECT,elem_95a97af5,Dropped
aac_mix_test_000334,SELECT,elem_db3d1cc7,GBP
aac_mix_test_000335,SELECT,elem_431b16fe,Firmware mismatch
aac_mix_test_000336,TYPE,elem_8456c35f,Hana
aac_mix_test_000337,TYPE,elem_44366479,ACCT-TM8067
aac_mix_test_000338,TYPE,elem_9fcdb9df,Nadia Miller
aac_mix_test_000339,CLICK,elem_5d404733,
aac_mix_test_000340,SELECT,elem_9db34f46,B2
aac_mix_test_000341,CLICK,elem_f3837956,
aac_mix_test_000342,CLICK,elem_77a08e88,
aac_mix_test_000343,SELECT,elem_ee85dfc2,-80 C
aac_mix_test_000344,SELECT,elem_802e4f4e,14:30-16:30
aac_mix_test_000345,TYPE,elem_6aae9d8b,Career fair
aac_mix_test_000346,CLICK,elem_f4e369e2,
aac_mix_test_000347,TYPE,elem_75f64293,Felix
aac_mix_test_000348,SELECT,elem_87e249e3,Standing
aac_mix_test_000349,TYPE,elem_e82f8c39,nirvana
aac_mix_test_000350,CLICK,elem_7b06cf2d,
aac_mix_test_000351,CLICK,elem_06b2b3d7,
aac_mix_test_000352,CLICK,elem_45be9ea7,
aac_mix_test_000353,CLICK,elem_30e2fba5,
aac_mix_test_000354,CLICK,elem_33f193db,
aac_mix_test_000355,CLICK,elem_5cbbc261,
aac_mix_test_000356,TYPE,elem_6d42b7eb,cache purge failing
aac_mix_test_000357,TYPE,elem_7f783ced,star wars the mandalorian statue
aac_mix_test_000358,CLICK,elem_27345122,
aac_mix_test_000359,SELECT,elem_ef9e1d00,Low
aac_mix_test_000360,CLICK,elem_7503a14c,
aac_mix_test_000361,TYPE,elem_2d65ac9e,Atlanta International Airport
aac_mix_test_000362,SELECT,elem_e137cb75,Pager
aac_mix_test_000363,CLICK,elem_31ab42d9,
aac_mix_test_000364,TYPE,elem_39a1db1d,2026-11-26
aac_mix_test_000365,TYPE,elem_d8229f70,tofu
aac_mix_test_000366,CLICK,elem_3947cc9e,
aac_mix_test_000367,CLICK,elem_4efc190c,
aac_mix_test_000368,TYPE,elem_8b9a14e0,Lumen
aac_mix_test_000369,CLICK,elem_f40727bf,
aac_mix_test_000370,TYPE,elem_5f30cc4a,B-141
aac_mix_test_000371,SELECT,elem_e587290e,Warehouse Gate
aac_mix_test_000372,SELECT,elem_052b1a0d,Data Hall
aac_mix_test_000373,CLICK,elem_39d96295,
aac_mix_test_000374,SELECT,elem_03eea349,Search cluster
aac_mix_test_000375,CLICK,elem_eb75cdb5,
aac_mix_test_000376,CLICK,elem_1d52f79a,
aac_mix_test_000377,TYPE,elem_e6bb2c08,Nadia
aac_mix_test_000378,SELECT,elem_acee5f23,Standing
aac_mix_test_000379,SELECT,elem_76576aa0,High
aac_mix_test_000380,CLICK,elem_28fe0b5e,
aac_mix_test_000381,CLICK,elem_c84f1f09,
aac_mix_test_000382,CLICK,elem_e1c7e3f7,
aac_mix_test_000383,SELECT,elem_83a2c6bf,No power
aac_mix_test_000384,TYPE,elem_e4e73553,Jordan Martin
aac_mix_test_000385,CLICK,elem_f42b0b10,
aac_mix_test_000386,TYPE,elem_8c645728,BK-CX77404
aac_mix_test_000387,SELECT,elem_9d3cf9f4,Canal east
aac_mix_test_000388,CLICK,elem_73b2ddeb,
aac_mix_test_000389,TYPE,elem_894e34ac,California
aac_mix_test_000390,CLICK,elem_73e19042,
aac_mix_test_000391,SELECT,elem_a026822b,SEV-4
aac_mix_test_000392,CLICK,elem_5ac0c3ed,
aac_mix_test_000393,SELECT,elem_63b6a6c0,Refund offset
aac_mix_test_000394,CLICK,elem_703e9f42,
aac_mix_test_000395,CLICK,elem_48ba8dba,
aac_mix_test_000396,SELECT,elem_2c3caa52,High
aac_mix_test_000397,CLICK,elem_2e5c5f3c,
aac_mix_test_000398,TYPE,elem_09916c6d,Madison Square Garden
aac_mix_test_000399,SELECT,elem_3ad45796,JPY
aac_mix_test_000400,CLICK,elem_d4b62e71,
aac_mix_test_000401,TYPE,elem_6491eeb1,Auckland
aac_mix_test_000402,TYPE,elem_f49ae9da,Morgan Adams
aac_mix_test_000403,CLICK,elem_f4b5407b,
aac_mix_test_000404,CLICK,elem_2efc48d3,
aac_mix_test_000405,TYPE,elem_4fbe8ccf,Jisoo
aac_mix_test_000406,CLICK,elem_e469650a,
aac_mix_test_000407,TYPE,elem_313b584f,2026-07-05
aac_mix_test_000408,SELECT,elem_1df14771,Tower block
aac_mix_test_000409,TYPE,elem_8b690480,2026-07-05
aac_mix_test_000410,SELECT,elem_886379e3,High
aac_mix_test_000411,CLICK,elem_402ddaed,
aac_mix_test_000412,CLICK,elem_1277f854,
aac_mix_test_000413,CLICK,elem_bc65cdf0,
aac_mix_test_000414,TYPE,elem_e957df1a,2026-11-08
aac_mix_test_000415,TYPE,elem_78fc52e1,2026-08-11
aac_mix_test_000416,CLICK,elem_d79672b3,
aac_mix_test_000417,CLICK,elem_5e4fe134,
aac_mix_test_000418,CLICK,elem_34903525,
aac_mix_test_000419,CLICK,elem_9d93d970,
aac_mix_test_000420,CLICK,elem_54afd541,
aac_mix_test_000421,CLICK,elem_cc828b03,
aac_mix_test_000422,TYPE,elem_3d486a4d,400
aac_mix_test_000423,CLICK,elem_8121a779,
aac_mix_test_000424,TYPE,elem_7eea633f,Mina Chen
aac_mix_test_000425,CLICK,elem_7b69a35e,
aac_mix_test_000426,CLICK,elem_3bc1377d,
aac_mix_test_000427,CLICK,elem_ddb61b98,
aac_mix_test_000428,CLICK,elem_22e5ffef,
aac_mix_test_000429,CLICK,elem_1d1f2b1c,
aac_mix_test_000430,TYPE,elem_1fdf34b6,Vista
aac_mix_test_000431,SELECT,elem_84e0b96a,North Annex
aac_mix_test_000432,TYPE,elem_ab231b59,street taco
aac_mix_test_000433,TYPE,elem_d6844e85,GRT-CZ83230
aac_mix_test_000434,SELECT,elem_77d161aa,Tax form variance
aac_mix_test_000435,CLICK,elem_5a867673,
aac_mix_test_000436,CLICK,elem_a2b8b149,
aac_mix_test_000437,CLICK,elem_397e56e6,
aac_mix_test_000438,CLICK,elem_29f915b9,
aac_mix_test_000439,CLICK,elem_8aee0c6f,
aac_mix_test_000440,SELECT,elem_6ce1dcc7,16:00-18:00
aac_mix_test_000441,CLICK,elem_51bd234e,
aac_mix_test_000442,CLICK,elem_de089851,
aac_mix_test_000443,CLICK,elem_e2e16bdb,
aac_mix_test_000444,SELECT,elem_261a9fe2,Dropped
aac_mix_test_000445,CLICK,elem_298c3d3b,
aac_mix_test_000446,CLICK,elem_fe74b3a6,
aac_mix_test_000447,CLICK,elem_a0ba4738,
aac_mix_test_000448,CLICK,elem_fc5038fe,
aac_mix_test_000449,CLICK,elem_7bdfce82,
aac_mix_test_000450,TYPE,elem_e9fed3b3,los angeles
aac_mix_test_000451,CLICK,elem_c35d15ea,
aac_mix_test_000452,CLICK,elem_e725c424,
aac_mix_test_000453,CLICK,elem_2d93729e,
aac_mix_test_000454,CLICK,elem_464c1a62,
aac_mix_test_000455,SELECT,elem_1c975fcf,Temporary
aac_mix_test_000456,CLICK,elem_eaf38ad6,
aac_mix_test_000457,CLICK,elem_e2e8d783,
aac_mix_test_000458,CLICK,elem_09325960,
aac_mix_test_000459,CLICK,elem_2c56538f,
aac_mix_test_000460,TYPE,elem_6dde301e,The Alloy Room
aac_mix_test_000461,CLICK,elem_c1c7c903,
aac_mix_test_000462,TYPE,elem_2ccac12c,mint
aac_mix_test_000463,CLICK,elem_19b9cca5,
aac_mix_test_000464,CLICK,elem_6cd3aa10,
aac_mix_test_000465,CLICK,elem_1701f32c,
aac_mix_test_000466,SELECT,elem_f6512d5f,Supplier return
aac_mix_test_000467,CLICK,elem_69bee717,
aac_mix_test_000468,TYPE,elem_9da6be0c,surface dust
aac_mix_test_000469,SELECT,elem_541ea41b,Data Hall
aac_mix_test_000470,CLICK,elem_c195fe3e,
aac_mix_test_000471,TYPE,elem_7a53c41a,SN-ZM156960
aac_mix_test_000472,SELECT,elem_e72f37b6,High
aac_mix_test_000473,TYPE,elem_0672a90a,Marcus Patel
aac_mix_test_000474,TYPE,elem_1f37bf56,Priya
aac_mix_test_000475,SELECT,elem_1cb3988c,Gluten-free
aac_mix_test_000476,CLICK,elem_2723ba20,
aac_mix_test_000477,TYPE,elem_4f878e89,Texas
aac_mix_test_000478,SELECT,elem_5dc10727,Atrium
aac_mix_test_000479,CLICK,elem_3da4c7d3,
aac_mix_test_000480,CLICK,elem_386caf1c,
aac_mix_test_000481,CLICK,elem_47928954,
aac_mix_test_000482,TYPE,elem_464e4c36,NYU
aac_mix_test_000483,TYPE,elem_44da77a8,244
aac_mix_test_000484,CLICK,elem_dfa46993,
aac_mix_test_000485,CLICK,elem_5c2310f0,
aac_mix_test_000486,CLICK,elem_a698cdc0,
aac_mix_test_000487,CLICK,elem_152070a2,
aac_mix_test_000488,SELECT,elem_45c5ab88,Ready for mix
aac_mix_test_000489,TYPE,elem_883cb958,jk rowling kids
aac_mix_test_000490,CLICK,elem_1a204eca,
aac_mix_test_000491,SELECT,elem_0cd69712,Fair Rating
aac_mix_test_000492,CLICK,elem_496a41b1,
aac_mix_test_000493,TYPE,elem_a7eb1d92,2026-11-23
aac_mix_test_000494,TYPE,elem_ef1292e7,2026-10-26
aac_mix_test_000495,CLICK,elem_865094e4,
aac_mix_test_000496,SELECT,elem_4f17c9df,Toyota
aac_mix_test_000497,SELECT,elem_930d2739,High
aac_mix_test_000498,SELECT,elem_a88ddc62,Pulse
aac_mix_test_000499,CLICK,elem_4de27476,
aac_mix_test_000500,TYPE,elem_41e154bb,LN-VZ96083
aac_mix_test_000501,CLICK,elem_2c6c4905,
aac_mix_test_000502,SELECT,elem_7cd74a66,Refund offset
aac_mix_test_000503,CLICK,elem_6d68bfde,
aac_mix_test_000504,TYPE,elem_14c0bdb7,Under the Canopy
aac_mix_test_000505,SELECT,elem_26089013,Data Hall
aac_mix_test_000506,CLICK,elem_f8579a18,
aac_mix_test_000507,TYPE,elem_fc773ace,Vista
aac_mix_test_000508,TYPE,elem_fcf6b16c,Thai
aac_mix_test_000509,CLICK,elem_4dd2d0bb,
aac_mix_test_000510,CLICK,elem_26d5db7d,
aac_mix_test_000511,CLICK,elem_643f2504,
aac_mix_test_000512,CLICK,elem_96fb655f,
aac_mix_test_000513,CLICK,elem_9ce24096,
aac_mix_test_000514,SELECT,elem_a4d33979,ko-KR
aac_mix_test_000515,CLICK,elem_b2e8932f,
aac_mix_test_000516,CLICK,elem_8740c8c0,
aac_mix_test_000517,CLICK,elem_af840448,
aac_mix_test_000518,SELECT,elem_37d96813,Fan noise
aac_mix_test_000519,CLICK,elem_36e6fe7f,
aac_mix_test_000520,TYPE,elem_4cc13078,corner tear
aac_mix_test_000521,TYPE,elem_3b8150f2,2026-08-14
aac_mix_test_000522,TYPE,elem_a762c06c,2026-05-08
aac_mix_test_000523,SELECT,elem_8370b744,Tax correction
aac_mix_test_000524,CLICK,elem_ad9e6417,
aac_mix_test_000525,CLICK,elem_62f8063a,
aac_mix_test_000526,TYPE,elem_b4d58736,2 adults
aac_mix_test_000527,SELECT,elem_77917406,Vault 2
aac_mix_test_000528,CLICK,elem_160edb94,
aac_mix_test_000529,CLICK,elem_21afa898,
aac_mix_test_000530,CLICK,elem_6ceb3c38,
aac_mix_test_000531,CLICK,elem_144ed264,
aac_mix_test_000532,CLICK,elem_1c36bdf2,
aac_mix_test_000533,SELECT,elem_c49281f8,Pager
aac_mix_test_000534,TYPE,elem_060395f1,165
aac_mix_test_000535,SELECT,elem_d25202f8,SMS
aac_mix_test_000536,TYPE,elem_b818d807,Jisoo Kim
aac_mix_test_000537,CLICK,elem_8b394a11,
aac_mix_test_000538,SELECT,elem_f9453e31,High
aac_mix_test_000539,CLICK,elem_47d6a34b,
aac_mix_test_000540,CLICK,elem_7682bc15,
aac_mix_test_000541,CLICK,elem_e17b650e,
aac_mix_test_000542,CLICK,elem_f5cc7b1c,
aac_mix_test_000543,TYPE,elem_331b5a84,Hana Lewis
aac_mix_test_000544,SELECT,elem_b28c8b11,Distance
aac_mix_test_000545,CLICK,elem_64b529bf,
aac_mix_test_000546,CLICK,elem_5659598e,
aac_mix_test_000547,TYPE,elem_bc5424fa,Avery
aac_mix_test_000548,TYPE,elem_097049ce,Faro
aac_mix_test_000549,CLICK,elem_54923af1,
aac_mix_test_000550,CLICK,elem_d2c3f09f,
aac_mix_test_000551,CLICK,elem_8e2c0816,
aac_mix_test_000552,TYPE,elem_6bc0e505,Emma
aac_mix_test_000553,SELECT,elem_691673ac,Hall A
aac_mix_test_000554,CLICK,elem_0d2dcda0,
aac_mix_test_000555,CLICK,elem_692d49c6,
aac_mix_test_000556,CLICK,elem_19c9fade,
aac_mix_test_000557,CLICK,elem_f59713d6,
aac_mix_test_000558,CLICK,elem_fbb343dc,
aac_mix_test_000559,CLICK,elem_3692496d,
aac_mix_test_000560,TYPE,elem_46e541c0,SHIP-YR09463
aac_mix_test_000561,CLICK,elem_4e5463c6,
aac_mix_test_000562,TYPE,elem_4f5deb63,2026-11-17
aac_mix_test_000563,TYPE,elem_9fabe796,Policy roundtable
aac_mix_test_000564,TYPE,elem_b7aafa38,"New York, United States"
aac_mix_test_000565,SELECT,elem_f507a39f,40
aac_mix_test_000566,CLICK,elem_7b5143d2,
aac_mix_test_000567,TYPE,elem_68fc498c,Founders night
aac_mix_test_000568,CLICK,elem_8c6d2ad0,
aac_mix_test_000569,CLICK,elem_dc63d3b9,
aac_mix_test_000570,CLICK,elem_3d1290da,
aac_mix_test_000571,CLICK,elem_854726a9,
aac_mix_test_000572,CLICK,elem_f31d4b67,
aac_mix_test_000573,SELECT,elem_093e591e,Warehouse Gate
aac_mix_test_000574,TYPE,elem_c066c980,Kendall
aac_mix_test_000575,CLICK,elem_8278e218,
aac_mix_test_000576,CLICK,elem_1a82109c,
aac_mix_test_000577,CLICK,elem_93e7bcc4,
aac_mix_test_000578,TYPE,elem_91bd1509,Smith
aac_mix_test_000579,CLICK,elem_98f84f84,
aac_mix_test_000580,CLICK,elem_c4b5710a,
aac_mix_test_000581,CLICK,elem_6c132384,
aac_mix_test_000582,TYPE,elem_d4087e2e,Metric Stories
aac_mix_test_000583,SELECT,elem_574ac34a,Low
aac_mix_test_000584,CLICK,elem_a22a9a8b,
aac_mix_test_000585,CLICK,elem_681d0af5,
aac_mix_test_000586,SELECT,elem_f4124655,SMS
aac_mix_test_000587,CLICK,elem_f94a8bdf,
aac_mix_test_000588,CLICK,elem_7468347e,
aac_mix_test_000589,SELECT,elem_e59e4955,Waitlisted
aac_mix_test_000590,SELECT,elem_a29433d0,14:30-16:30
aac_mix_test_000591,TYPE,elem_c1de6a69,Richmond
aac_mix_test_000592,TYPE,elem_91833c44,Mina Nguyen
aac_mix_test_000593,SELECT,elem_6b1f67a4,High
aac_mix_test_000594,TYPE,elem_1a8117c8,KCCR
aac_mix_test_000595,SELECT,elem_527dce8a,Atrium
aac_mix_test_000596,SELECT,elem_743a7ce0,Storage
aac_mix_test_000597,TYPE,elem_60cbb8dd,198
aac_mix_test_000598,SELECT,elem_eeec8cae,USD
aac_mix_test_000599,CLICK,elem_7df0f139,
aac_mix_test_000600,SELECT,elem_ba84d659,Email
aac_mix_test_000601,SELECT,elem_29f5caea,Contains soy
aac_mix_test_000602,CLICK,elem_796683b3,
aac_mix_test_000603,TYPE,elem_b0e5d5b6,lentil
aac_mix_test_000604,CLICK,elem_3f656f9b,
aac_mix_test_000605,CLICK,elem_4c376d52,
aac_mix_test_000606,TYPE,elem_c640c022,bellingham
aac_mix_test_000607,TYPE,elem_ed073efc,ITM-AE2265
aac_mix_test_000608,SELECT,elem_2b5548fd,Email
aac_mix_test_000609,TYPE,elem_ca2a83b4,The Alloy Room
aac_mix_test_000610,CLICK,elem_3d5234b8,
aac_mix_test_000611,CLICK,elem_a6495467,
aac_mix_test_000612,CLICK,elem_d5def8fd,
aac_mix_test_000613,CLICK,elem_c8ffbd17,
aac_mix_test_000614,CLICK,elem_3ee02bc9,
aac_mix_test_000615,CLICK,elem_78e2cf05,
aac_mix_test_000616,SELECT,elem_3b3e76a0,GBP
aac_mix_test_000617,SELECT,elem_b0208fd3,SGD
aac_mix_test_000618,CLICK,elem_887e2efc,
aac_mix_test_000619,CLICK,elem_6cdf299a,
aac_mix_test_000620,CLICK,elem_ef220f80,
aac_mix_test_000621,TYPE,elem_37fa5758,Theo
aac_mix_test_000622,SELECT,elem_7d1f24f9,North Annex
aac_mix_test_000623,CLICK,elem_77d1cccc,
aac_mix_test_000624,CLICK,elem_0c0fa6ab,
aac_mix_test_000625,SELECT,elem_2e9a0e5a,Price Low to High
aac_mix_test_000626,SELECT,elem_5bcac9ef,13:00-15:00
aac_mix_test_000627,CLICK,elem_9899f6e8,
aac_mix_test_000628,CLICK,elem_6a7e2b52,
aac_mix_test_000629,TYPE,elem_f622139a,Miami Beach
aac_mix_test_000630,TYPE,elem_febaba57,Jordan Wilson
aac_mix_test_000631,CLICK,elem_f5c4ee17,
aac_mix_test_000632,TYPE,elem_a26ac2fc,192
aac_mix_test_000633,TYPE,elem_6460e848,Sam
aac_mix_test_000634,SELECT,elem_63d77b48,High
aac_mix_test_000635,TYPE,elem_4ed900ca,D-626
aac_mix_test_000636,TYPE,elem_b6d25246,12345678
aac_mix_test_000637,CLICK,elem_ee835202,
aac_mix_test_000638,CLICK,elem_4e39ebf6,
aac_mix_test_000639,CLICK,elem_50d62783,
aac_mix_test_000640,CLICK,elem_869f8575,
aac_mix_test_000641,CLICK,elem_c054ddb2,
aac_mix_test_000642,CLICK,elem_2f0f8341,
aac_mix_test_000643,CLICK,elem_22515cdc,
aac_mix_test_000644,CLICK,elem_f89a58ca,
aac_mix_test_000645,CLICK,elem_7b3fb6fe,
aac_mix_test_000646,CLICK,elem_9d153ea3,
aac_mix_test_000647,TYPE,elem_86bb63ac,2026-06-17
aac_mix_test_000648,CLICK,elem_64f8e33a,
aac_mix_test_000649,CLICK,elem_833b4375,
aac_mix_test_000650,CLICK,elem_e99fbb12,
aac_mix_test_000651,SELECT,elem_85272154,Urgent
aac_mix_test_000652,TYPE,elem_78db3902,Mina
aac_mix_test_000653,CLICK,elem_f193b82c,
aac_mix_test_000654,CLICK,elem_2496545a,
aac_mix_test_000655,CLICK,elem_caaf2978,
aac_mix_test_000656,TYPE,elem_6702518b,2026-07-05
aac_mix_test_000657,CLICK,elem_38a5b869,
aac_mix_test_000658,SELECT,elem_53f5f848,Emergency
aac_mix_test_000659,CLICK,elem_d713fdb6,
aac_mix_test_000660,TYPE,elem_f6673d91,Lumen
aac_mix_test_000661,TYPE,elem_ecf99512,90012
aac_mix_test_000662,CLICK,elem_9371750b,
aac_mix_test_000663,CLICK,elem_6cefb0c3,
aac_mix_test_000664,TYPE,elem_82f005af,Alex Patel
aac_mix_test_000665,SELECT,elem_ef67b49b,Fuel economy
aac_mix_test_000666,CLICK,elem_a2e43940,
aac_mix_test_000667,TYPE,elem_cf30eba8,Musical instruments
aac_mix_test_000668,CLICK,elem_398fdc5b,
aac_mix_test_000669,CLICK,elem_e278cf07,
aac_mix_test_000670,TYPE,elem_48e00952,Maya
aac_mix_test_000671,CLICK,elem_8a11d4b9,
aac_mix_test_000672,SELECT,elem_85cad219,Enterprise
aac_mix_test_000673,CLICK,elem_15ae7873,
aac_mix_test_000674,TYPE,elem_5df516e5,Career fair
aac_mix_test_000675,SELECT,elem_18025823,CC-104
aac_mix_test_000676,CLICK,elem_3e05c183,
aac_mix_test_000677,CLICK,elem_24ec9878,
aac_mix_test_000678,TYPE,elem_8feda322,"52nd Street,Brooklyn"
aac_mix_test_000679,CLICK,elem_6d831757,
aac_mix_test_000680,TYPE,elem_78e3fbf1,Parker
aac_mix_test_000681,SELECT,elem_603af89a,B2
aac_mix_test_000682,CLICK,elem_4287ce15,
aac_mix_test_000683,SELECT,elem_77818838,Lab North
aac_mix_test_000684,CLICK,elem_86a0083d,
aac_mix_test_000685,SELECT,elem_45065351,Slack
aac_mix_test_000686,CLICK,elem_19815eb0,
aac_mix_test_000687,CLICK,elem_7c34a70c,
aac_mix_test_000688,SELECT,elem_a7fa7806,Seminar 204
aac_mix_test_000689,CLICK,elem_158e75a2,
aac_mix_test_000690,CLICK,elem_370aebb3,
aac_mix_test_000691,TYPE,elem_ea0887e1,Drew Brown
aac_mix_test_000692,SELECT,elem_27117cb2,New
aac_mix_test_000693,CLICK,elem_202ff37e,
aac_mix_test_000694,CLICK,elem_1a6c421f,
aac_mix_test_000695,CLICK,elem_264ff3a5,
aac_mix_test_000696,CLICK,elem_14af2eaf,
aac_mix_test_000697,CLICK,elem_32b7a892,
aac_mix_test_000698,CLICK,elem_76bc6ebe,
aac_mix_test_000699,TYPE,elem_c7a1072b,SAT-UT3794
aac_mix_test_000700,CLICK,elem_9b85281c,
aac_mix_test_000701,CLICK,elem_ad3f1c0d,
aac_mix_test_000702,SELECT,elem_b5d4093c,Medium
aac_mix_test_000703,CLICK,elem_66ec41ea,
aac_mix_test_000704,CLICK,elem_91462242,
aac_mix_test_000705,CLICK,elem_778a9e16,
aac_mix_test_000706,TYPE,elem_6add01db,Riley Park
aac_mix_test_000707,CLICK,elem_ef0a74f7,
aac_mix_test_000708,CLICK,elem_7244113d,
aac_mix_test_000709,TYPE,elem_1bd74bac,Manual review
aac_mix_test_000710,TYPE,elem_bcbd8694,Texas
aac_mix_test_000711,TYPE,elem_ba82a89b,YAW639
aac_mix_test_000712,CLICK,elem_2fd56666,
aac_mix_test_000713,CLICK,elem_1d301564,
aac_mix_test_000714,CLICK,elem_7dc2e692,
aac_mix_test_000715,TYPE,elem_2e3399ea,Felix
aac_mix_test_000716,TYPE,elem_630c2952,SHIP-HC92202
aac_mix_test_000717,CLICK,elem_6e67c608,
aac_mix_test_000718,CLICK,elem_267c4773,
aac_mix_test_000719,SELECT,elem_5a03c50f,Moderate
aac_mix_test_000720,CLICK,elem_86bfbfe0,
aac_mix_test_000721,TYPE,elem_efb43297,2026-08-17
aac_mix_test_000722,CLICK,elem_1519cc4a,
aac_mix_test_000723,CLICK,elem_238a0c33,
aac_mix_test_000724,SELECT,elem_97bc803b,-80 C
aac_mix_test_000725,TYPE,elem_ee713984,35
aac_mix_test_000726,CLICK,elem_aeb1fa57,
aac_mix_test_000727,CLICK,elem_f7285c42,
aac_mix_test_000728,CLICK,elem_08561f25,
aac_mix_test_000729,CLICK,elem_6da7da0d,
aac_mix_test_000730,TYPE,elem_fe5aecde,LN-YN60575
aac_mix_test_000731,CLICK,elem_8230882d,
aac_mix_test_000732,CLICK,elem_f2c8f57b,
aac_mix_test_000733,CLICK,elem_61d9ff8e,
aac_mix_test_000734,CLICK,elem_1e9f02b1,
aac_mix_test_000735,SELECT,elem_53961e60,QC passed
aac_mix_test_000736,SELECT,elem_22b9eb1e,Lab North
aac_mix_test_000737,CLICK,elem_80920846,
aac_mix_test_000738,TYPE,elem_2c5f3308,maldives
aac_mix_test_000739,CLICK,elem_d3748223,
aac_mix_test_000740,CLICK,elem_b051cbc6,
aac_mix_test_000741,CLICK,elem_c3ac2387,
aac_mix_test_000742,TYPE,elem_835bab5e,CLS-PD995
aac_mix_test_000743,TYPE,elem_61330fb5,Hana Davis
aac_mix_test_000744,SELECT,elem_12976d14,Starter
aac_mix_test_000745,CLICK,elem_6b66ac4c,
aac_mix_test_000746,CLICK,elem_d6fe5af4,
aac_mix_test_000747,CLICK,elem_a8e86133,
aac_mix_test_000748,TYPE,elem_30f2f182,Nadia
aac_mix_test_000749,TYPE,elem_4aedd545,Marcus Wilson
aac_mix_test_000750,TYPE,elem_e78298c0,Orbit Components
aac_mix_test_000751,TYPE,elem_90399f74,2026-07-02
aac_mix_test_000752,TYPE,elem_5c9c3090,SAT-AF2339
aac_mix_test_000753,CLICK,elem_e0c07b97,
aac_mix_test_000754,TYPE,elem_f8e28b0e,Emma Kim
aac_mix_test_000755,CLICK,elem_11876a12,
aac_mix_test_000756,TYPE,elem_4ac0ee0f,E-132
aac_mix_test_000757,CLICK,elem_2b178191,
aac_mix_test_000758,CLICK,elem_3714f6c6,
aac_mix_test_000759,SELECT,elem_c497ed64,Refund offset
aac_mix_test_000760,CLICK,elem_bcdb720c,
aac_mix_test_000761,CLICK,elem_7576bb0d,
aac_mix_test_000762,CLICK,elem_74adb025,
aac_mix_test_000763,CLICK,elem_b7855e79,
aac_mix_test_000764,SELECT,elem_bb6ddb96,Trial extension
aac_mix_test_000765,SELECT,elem_87d25c5a,Voice call
aac_mix_test_000766,CLICK,elem_1e4931e7,
aac_mix_test_000767,SELECT,elem_5e8655ee,SEV-3
aac_mix_test_000768,SELECT,elem_bc71b31a,Low
aac_mix_test_000769,CLICK,elem_13ecda0e,
aac_mix_test_000770,SELECT,elem_838b5c74,High
aac_mix_test_000771,SELECT,elem_9fd91985,X-axis
aac_mix_test_000772,TYPE,elem_3a270851,Caldwell (Ohio)
aac_mix_test_000773,CLICK,elem_f19d8988,
aac_mix_test_000774,TYPE,elem_0a6f2fae,allergy treatment liquid
aac_mix_test_000775,CLICK,elem_2b1dae0c,
aac_mix_test_000776,CLICK,elem_48917296,
aac_mix_test_000777,SELECT,elem_8c52e265,Manual review
aac_mix_test_000778,CLICK,elem_ab67be61,
aac_mix_test_000779,TYPE,elem_793c52f2,BED-75
aac_mix_test_000780,TYPE,elem_64fe495e,ACCT-YL4299
aac_mix_test_000781,TYPE,elem_80f4f81b,Harper
aac_mix_test_000782,CLICK,elem_876930d6,
aac_mix_test_000783,SELECT,elem_60b36f24,Payload imagery
aac_mix_test_000784,CLICK,elem_194d3220,
aac_mix_test_000785,CLICK,elem_23a3d62d,
aac_mix_test_000786,CLICK,elem_16038766,
aac_mix_test_000787,CLICK,elem_f2455d57,
aac_mix_test_000788,TYPE,elem_35e91b38,Casey
aac_mix_test_000789,CLICK,elem_9a7cf828,
aac_mix_test_000790,TYPE,elem_e0933c0c,Olivia
aac_mix_test_000791,SELECT,elem_e252cc17,Sejong
aac_mix_test_000792,CLICK,elem_6759b840,
aac_mix_test_000793,TYPE,elem_ee83628e,Kite
aac_mix_test_000794,CLICK,elem_aabc29e1,
aac_mix_test_000795,TYPE,elem_ef88a0d1,Sam
aac_mix_test_000796,CLICK,elem_6c424cf5,
aac_mix_test_000797,SELECT,elem_3d11792f,CC-310
aac_mix_test_000798,TYPE,elem_5dd59b35,2026-09-17
aac_mix_test_000799,CLICK,elem_8db827ec,
aac_mix_test_000800,CLICK,elem_29da7ab8,
aac_mix_test_000801,CLICK,elem_a34408b5,
aac_mix_test_000802,TYPE,elem_11d1115c,Rowan
aac_mix_test_000803,SELECT,elem_14c32b13,SMS
aac_mix_test_000804,SELECT,elem_e56a4c60,22%
aac_mix_test_000805,CLICK,elem_dd9493e9,
aac_mix_test_000806,TYPE,elem_d5fb407b,717
aac_mix_test_000807,CLICK,elem_175d1c7c,
aac_mix_test_000808,SELECT,elem_224ae18f,GBP
aac_mix_test_000809,CLICK,elem_243ada5f,
aac_mix_test_000810,TYPE,elem_ebb8d9e2,ITM-AY6372
aac_mix_test_000811,SELECT,elem_2f854ec1,SMS
aac_mix_test_000812,CLICK,elem_73e95be9,
aac_mix_test_000813,CLICK,elem_ede9209d,
aac_mix_test_000814,CLICK,elem_b399ff97,
aac_mix_test_000815,CLICK,elem_d8d04c07,
aac_mix_test_000816,CLICK,elem_1f74e4b5,
aac_mix_test_000817,CLICK,elem_e6cd76f7,
aac_mix_test_000818,TYPE,elem_bc82dd43,10023
aac_mix_test_000819,CLICK,elem_2f43bef7,
aac_mix_test_000820,CLICK,elem_e2d3b301,
aac_mix_test_000821,TYPE,elem_69c92891,Founders night
aac_mix_test_000822,SELECT,elem_ffcb6434,in stock
aac_mix_test_000823,CLICK,elem_5dccdb0e,
aac_mix_test_000824,CLICK,elem_6e08040e,
aac_mix_test_000825,TYPE,elem_bf5550fa,vintage clothing
aac_mix_test_000826,CLICK,elem_91d439d9,
aac_mix_test_000827,SELECT,elem_02fafde2,Restricted
aac_mix_test_000828,CLICK,elem_6cb5f85f,
aac_mix_test_000829,CLICK,elem_985eb655,
aac_mix_test_000830,TYPE,elem_603f6524,Avery
aac_mix_test_000831,TYPE,elem_470ed4c0,123456
aac_mix_test_000832,CLICK,elem_8ba4a0a9,
aac_mix_test_000833,TYPE,elem_2befffea,Jisoo
aac_mix_test_000834,CLICK,elem_31424eed,
aac_mix_test_000835,CLICK,elem_92680fe1,
aac_mix_test_000836,TYPE,elem_ab8f4e86,2026-12-23
aac_mix_test_000837,CLICK,elem_23decac1,
aac_mix_test_000838,CLICK,elem_dad13fea,
aac_mix_test_000839,CLICK,elem_78160635,
aac_mix_test_000840,CLICK,elem_e27c7876,
aac_mix_test_000841,TYPE,elem_4e18e4d5,30
aac_mix_test_000842,SELECT,elem_e508a6fe,USD
aac_mix_test_000843,SELECT,elem_a0b0f4c4,CC-227
aac_mix_test_000844,SELECT,elem_0641bbb2,QA
aac_mix_test_000845,TYPE,elem_03ff25bf,ACCT-BY9765
aac_mix_test_000846,SELECT,elem_b3b6658c,Research
aac_mix_test_000847,CLICK,elem_1f2dcd0c,
aac_mix_test_000848,TYPE,elem_10d35257,Olivia
aac_mix_test_000849,CLICK,elem_7812c84d,
aac_mix_test_000850,TYPE,elem_ff2547ca,44012
aac_mix_test_000851,SELECT,elem_369a2452,SEV-4
aac_mix_test_000852,SELECT,elem_744d6f3f,Pending review
aac_mix_test_000853,TYPE,elem_d53779b1,Kendall Wright
aac_mix_test_000854,SELECT,elem_7050cd25,Storage
aac_mix_test_000855,TYPE,elem_073553a8,cache purge failing
aac_mix_test_000856,CLICK,elem_272e7b82,
aac_mix_test_000857,CLICK,elem_1cfd1472,
aac_mix_test_000858,SELECT,elem_077f3ba2,A2
aac_mix_test_000859,TYPE,elem_f67d31fa,SHIP-PM44481
aac_mix_test_000860,CLICK,elem_ad8b3e9a,
aac_mix_test_000861,CLICK,elem_0cc3417c,
aac_mix_test_000862,CLICK,elem_6ee0c430,
aac_mix_test_000863,CLICK,elem_66555a9d,
aac_mix_test_000864,TYPE,elem_9cd85c8f,Haneul
aac_mix_test_000865,CLICK,elem_b51984ba,
aac_mix_test_000866,SELECT,elem_a29a67c0,Atrium
aac_mix_test_000867,CLICK,elem_8e2eb00e,
aac_mix_test_000868,CLICK,elem_1e2d4a9b,
aac_mix_test_000869,TYPE,elem_df9e5c0d,kayaks
aac_mix_test_000870,CLICK,elem_6135c968,
aac_mix_test_000871,TYPE,elem_79247dee,Taylor Lee
aac_mix_test_000872,SELECT,elem_6650100c,Green campus drive
aac_mix_test_000873,CLICK,elem_6b891617,
aac_mix_test_000874,SELECT,elem_e45fd1ee,Partner feed
aac_mix_test_000875,CLICK,elem_2998e5a6,
aac_mix_test_000876,CLICK,elem_8fbdf2fa,
aac_mix_test_000877,CLICK,elem_a84a2c28,
aac_mix_test_000878,TYPE,elem_835067ed,SHIP-QE76527
aac_mix_test_000879,CLICK,elem_3b8cfab9,
aac_mix_test_000880,SELECT,elem_89ea3b6d,Freezer B
aac_mix_test_000881,CLICK,elem_57b10e0a,
aac_mix_test_000882,CLICK,elem_2be7725f,
aac_mix_test_000883,CLICK,elem_83b8b005,
aac_mix_test_000884,TYPE,elem_3907961f,AST-DP68898
aac_mix_test_000885,CLICK,elem_5a11d8df,
aac_mix_test_000886,SELECT,elem_a05e4717,SEV-2
aac_mix_test_000887,SELECT,elem_4303e41a,Main feed
aac_mix_test_000888,SELECT,elem_17e72885,Partner feed
aac_mix_test_000889,CLICK,elem_f11b7512,
aac_mix_test_000890,CLICK,elem_7846283f,
aac_mix_test_000891,CLICK,elem_aa5a0ebc,
aac_mix_test_000892,CLICK,elem_39ffdb72,
aac_mix_test_000893,CLICK,elem_0cf17da5,
aac_mix_test_000894,CLICK,elem_2ebfa8e8,
aac_mix_test_000895,CLICK,elem_a6cb5de9,
aac_mix_test_000896,TYPE,elem_8bd8e0f9,queue drain stalled
aac_mix_test_000897,CLICK,elem_7a0f1b50,
aac_mix_test_000898,CLICK,elem_86f767ab,
aac_mix_test_000899,CLICK,elem_f713a43d,
aac_mix_test_000900,CLICK,elem_3f3c5642,
aac_mix_test_000901,CLICK,elem_6522d6a4,
aac_mix_test_000902,CLICK,elem_4b3d430c,
aac_mix_test_000903,CLICK,elem_53238280,
aac_mix_test_000904,CLICK,elem_4cb6f3b1,
aac_mix_test_000905,TYPE,elem_cc9ded5a,Rowan
aac_mix_test_000906,CLICK,elem_9fe04868,
aac_mix_test_000907,CLICK,elem_b2383a65,
aac_mix_test_000908,CLICK,elem_54f76fc9,
aac_mix_test_000909,SELECT,elem_481d006b,Cryogenic
aac_mix_test_000910,SELECT,elem_53028f2a,Moderate
aac_mix_test_000911,SELECT,elem_edc83592,Pending review
aac_mix_test_000912,CLICK,elem_0ec6162a,
aac_mix_test_000913,TYPE,elem_e95512c4,LN-YT13563
aac_mix_test_000914,CLICK,elem_622f4924,
aac_mix_test_000915,TYPE,elem_af8e307e,12345678
aac_mix_test_000916,CLICK,elem_eb5c8c5e,
aac_mix_test_000917,SELECT,elem_567cb2de,CC-104
aac_mix_test_000918,SELECT,elem_dedf62aa,Email
aac_mix_test_000919,SELECT,elem_1c755a7e,Visitor
aac_mix_test_000920,CLICK,elem_d4bf1067,
aac_mix_test_000921,SELECT,elem_0d2071aa,30%
aac_mix_test_000922,TYPE,elem_8d187b68,Marcus Martin
aac_mix_test_000923,CLICK,elem_44020282,
aac_mix_test_000924,CLICK,elem_28526956,
aac_mix_test_000925,SELECT,elem_499b075a,Canberra
aac_mix_test_000926,CLICK,elem_3659f5bd,
aac_mix_test_000927,TYPE,elem_2e32c06c,Sam
aac_mix_test_000928,CLICK,elem_659e5ec2,
aac_mix_test_000929,CLICK,elem_96202bd2,
aac_mix_test_000930,CLICK,elem_95a0eee5,
aac_mix_test_000931,TYPE,elem_02331497,Mina Wilson
aac_mix_test_000932,CLICK,elem_9eacb54c,
aac_mix_test_000933,TYPE,elem_c2909398,Kite
aac_mix_test_000934,CLICK,elem_9b7918fe,
aac_mix_test_000935,CLICK,elem_d4365ce1,
aac_mix_test_000936,CLICK,elem_2193eaaf,
aac_mix_test_000937,CLICK,elem_624d1856,
aac_mix_test_000938,SELECT,elem_ee9c6fd0,Contractor
aac_mix_test_000939,TYPE,elem_9648eba2,2026-06-11
aac_mix_test_000940,CLICK,elem_eae0bb5d,
aac_mix_test_000941,CLICK,elem_4f5e8de9,
aac_mix_test_000942,CLICK,elem_c788bc89,
aac_mix_test_000943,SELECT,elem_51013a78,High
aac_mix_test_000944,SELECT,elem_b448f54f,Audi
aac_mix_test_000945,TYPE,elem_37f0c437,Hana Kim
aac_mix_test_000946,CLICK,elem_3c116fb7,
aac_mix_test_000947,TYPE,elem_0e739fbb,Casey
aac_mix_test_000948,SELECT,elem_15c7c494,30%
aac_mix_test_000949,TYPE,elem_d41d1859,10017
aac_mix_test_000950,CLICK,elem_628d3629,
aac_mix_test_000951,SELECT,elem_21e6e4b2,Warehouse Gate
aac_mix_test_000952,SELECT,elem_577c19e5,Standing
aac_mix_test_000953,TYPE,elem_c907f147,2026-09-08
aac_mix_test_000954,TYPE,elem_2c2800ca,Alex Baker
aac_mix_test_000955,CLICK,elem_e4079869,
aac_mix_test_000956,SELECT,elem_3a98ad67,ja-JP
aac_mix_test_000957,CLICK,elem_a2bc91ee,
aac_mix_test_000958,CLICK,elem_343c6d95,
aac_mix_test_000959,TYPE,elem_b357c108,970
aac_mix_test_000960,CLICK,elem_069713b8,
aac_mix_test_000961,CLICK,elem_bf3cab30,
aac_mix_test_000962,TYPE,elem_d7ee0ddf,basil
aac_mix_test_000963,SELECT,elem_e06f4dba,Load test
aac_mix_test_000964,CLICK,elem_2503d961,
aac_mix_test_000965,CLICK,elem_24901d08,
aac_mix_test_000966,CLICK,elem_55ba12a9,
aac_mix_test_000967,CLICK,elem_d48dfe37,
aac_mix_test_000968,SELECT,elem_31ce4181,Medium
aac_mix_test_000969,SELECT,elem_df10638a,Development
aac_mix_test_000970,CLICK,elem_8e877eab,
aac_mix_test_000971,SELECT,elem_89d55067,Atrium
aac_mix_test_000972,CLICK,elem_f53a8728,
aac_mix_test_000973,SELECT,elem_e83badff,High
aac_mix_test_000974,SELECT,elem_ec02049e,Portal note
aac_mix_test_000975,CLICK,elem_645abddf,
aac_mix_test_000976,SELECT,elem_c48d21e2,Riverside
aac_mix_test_000977,SELECT,elem_e32ac86e,UHF
aac_mix_test_000978,TYPE,elem_abbf92e3,spring
aac_mix_test_000979,SELECT,elem_13970582,Boardroom
aac_mix_test_000980,CLICK,elem_4a99752b,
aac_mix_test_000981,TYPE,elem_9bef2e1a,Drew
aac_mix_test_000982,CLICK,elem_91290de8,
aac_mix_test_000983,CLICK,elem_46901e5e,
aac_mix_test_000984,TYPE,elem_07ee8087,jakarta
aac_mix_test_000985,CLICK,elem_f89e3a9a,
aac_mix_test_000986,CLICK,elem_82152db7,
aac_mix_test_000987,CLICK,elem_b0b16554,
aac_mix_test_000988,CLICK,elem_3b0f1a7d,
aac_mix_test_000989,CLICK,elem_915a9e35,
aac_mix_test_000990,CLICK,elem_48002d43,
aac_mix_test_000991,TYPE,elem_214155de,2026-07-11
aac_mix_test_000992,CLICK,elem_eb8adc7e,
aac_mix_test_000993,CLICK,elem_10a3ff12,
aac_mix_test_000994,CLICK,elem_3932d59a,
aac_mix_test_000995,CLICK,elem_269c6d41,
aac_mix_test_000996,SELECT,elem_79381f6c,EUR
aac_mix_test_000997,CLICK,elem_200a379b,
aac_mix_test_000998,CLICK,elem_fd104bd2,
aac_mix_test_000999,TYPE,elem_51ff4182,Theo
aac_mix_test_001000,CLICK,elem_85c0ff0b,
aac_mix_test_001001,TYPE,elem_2b61f16a,dublin
aac_mix_test_001002,CLICK,elem_1ab67bb9,
aac_mix_test_001003,SELECT,elem_26fbf811,18:00-20:00
aac_mix_test_001004,TYPE,elem_8c063288,"Los Angeles, CA (LAX)"
aac_mix_test_001005,CLICK,elem_c1cf90b6,
aac_mix_test_001006,CLICK,elem_ad217345,
aac_mix_test_001007,TYPE,elem_280b178a,C-510
aac_mix_test_001008,CLICK,elem_055283cd,
aac_mix_test_001009,SELECT,elem_c5a3ae76,Storage
aac_mix_test_001010,CLICK,elem_83491e72,
aac_mix_test_001011,CLICK,elem_5735e7e0,
aac_mix_test_001012,CLICK,elem_e38fcde9,
aac_mix_test_001013,CLICK,elem_b89056b1,
aac_mix_test_001014,CLICK,elem_39f2067c,
aac_mix_test_001015,TYPE,elem_65e74d17,2026-07-11
aac_mix_test_001016,CLICK,elem_5798abbd,
aac_mix_test_001017,CLICK,elem_97577f86,
aac_mix_test_001018,CLICK,elem_9e140853,
aac_mix_test_001019,CLICK,elem_8e04aed5,
aac_mix_test_001020,TYPE,elem_08034614,2026-10-05
aac_mix_test_001021,CLICK,elem_51768d7a,
aac_mix_test_001022,TYPE,elem_89aea296,659
aac_mix_test_001023,CLICK,elem_27dc4ec6,
aac_mix_test_001024,CLICK,elem_4f4217ee,
aac_mix_test_001025,CLICK,elem_6a44f9c5,
aac_mix_test_001026,CLICK,elem_65b49dc2,
aac_mix_test_001027,CLICK,elem_961095ce,
aac_mix_test_001028,CLICK,elem_f124070c,
aac_mix_test_001029,CLICK,elem_a439a409,
aac_mix_test_001030,CLICK,elem_3f5e7cf3,
aac_mix_test_001031,SELECT,elem_aa40de76,S-band
aac_mix_test_001032,CLICK,elem_40fef375,
aac_mix_test_001033,SELECT,elem_5b9ac36a,Spring science fund
aac_mix_test_001034,SELECT,elem_075d00a1,Contractor
aac_mix_test_001035,CLICK,elem_c8a86ba8,
aac_mix_test_001036,CLICK,elem_6b7bec8e,
aac_mix_test_001037,CLICK,elem_3e9955a3,
aac_mix_test_001038,SELECT,elem_60373f58,Portal note
aac_mix_test_001039,SELECT,elem_c43e71f4,SGD
aac_mix_test_001040,CLICK,elem_44e7e6d2,
aac_mix_test_001041,CLICK,elem_8de747ca,
aac_mix_test_001042,CLICK,elem_21b7468f,
aac_mix_test_001043,TYPE,elem_6f27d2ad,Stewart Bloom
aac_mix_test_001044,TYPE,elem_2e9a35da,Taylor
aac_mix_test_001045,SELECT,elem_1395187b,Audit
aac_mix_test_001046,TYPE,elem_dcb10b50,Policy roundtable
aac_mix_test_001047,SELECT,elem_99c7d966,Starter
aac_mix_test_001048,CLICK,elem_289a0c2f,
aac_mix_test_001049,SELECT,elem_fc91151b,Banquet
aac_mix_test_001050,CLICK,elem_589d658c,
aac_mix_test_001051,CLICK,elem_f8d5ddb1,
aac_mix_test_001052,CLICK,elem_ef2d0701,
aac_mix_test_001053,TYPE,elem_eadda2f8,SHIP-QC81131
aac_mix_test_001054,CLICK,elem_4db97c3d,
aac_mix_test_001055,CLICK,elem_4f5fbf46,
aac_mix_test_001056,SELECT,elem_18ce86c6,Cryogenic
aac_mix_test_001057,TYPE,elem_541e352b,Hana
aac_mix_test_001058,SELECT,elem_6f273c11,5
aac_mix_test_001059,CLICK,elem_a00ffe7c,
aac_mix_test_001060,CLICK,elem_2be527a8,
aac_mix_test_001061,CLICK,elem_340dcdb5,
aac_mix_test_001062,SELECT,elem_0c9d8a7b,Theater
aac_mix_test_001063,CLICK,elem_3a9b2f86,
aac_mix_test_001064,TYPE,elem_b5e7c8f7,BK-EZ62815
aac_mix_test_001065,CLICK,elem_5e42234a,
aac_mix_test_001066,TYPE,elem_2dd22423,BOT-TU932
aac_mix_test_001067,CLICK,elem_351a4f64,
aac_mix_test_001068,CLICK,elem_628f55dc,
aac_mix_test_001069,CLICK,elem_6038b216,
aac_mix_test_001070,CLICK,elem_8cbbfcc1,
aac_mix_test_001071,CLICK,elem_316dedf4,
aac_mix_test_001072,TYPE,elem_855ea734,site_106a465as
aac_mix_test_001073,SELECT,elem_4f3dccff,08:00-10:00
aac_mix_test_001074,SELECT,elem_5764f5a6,Research
aac_mix_test_001075,TYPE,elem_8c45c4c1,Arcadia Labs
aac_mix_test_001076,TYPE,elem_2cc48b10,Evan
aac_mix_test_001077,SELECT,elem_c283f177,Growth
aac_mix_test_001078,CLICK,elem_aac8b56e,
aac_mix_test_001079,CLICK,elem_fab7076e,
aac_mix_test_001080,TYPE,elem_102d97cf,SAT-TE8803
aac_mix_test_001081,CLICK,elem_46911897,
aac_mix_test_001082,CLICK,elem_021f9fd7,
aac_mix_test_001083,TYPE,elem_8794665c,2026-05-23
aac_mix_test_001084,TYPE,elem_ba71e016,Nadia Patel
aac_mix_test_001085,TYPE,elem_efea6e68,2026-07-17
aac_mix_test_001086,SELECT,elem_40867860,SEV-2
aac_mix_test_001087,TYPE,elem_ac5ed84b,Harper Wilson
aac_mix_test_001088,CLICK,elem_86631540,
aac_mix_test_001089,TYPE,elem_4df20617,129
aac_mix_test_001090,TYPE,elem_ad3092ad,fiji
aac_mix_test_001091,CLICK,elem_146e25c2,
aac_mix_test_001092,TYPE,elem_240014f6,kayaks
aac_mix_test_001093,SELECT,elem_4ef4561c,lowestPrice
aac_mix_test_001094,TYPE,elem_ba6a5a35,2023-04-08
aac_mix_test_001095,TYPE,elem_852b5add,april 8
aac_mix_test_001096,SELECT,elem_55db0435,Freezer A
aac_mix_test_001097,TYPE,elem_4550dad0,274
aac_mix_test_001098,CLICK,elem_01c3b8c8,
aac_mix_test_001099,TYPE,elem_ac5abbe0,Boston Navy Yard
aac_mix_test_001100,CLICK,elem_8026596a,
aac_mix_test_001101,CLICK,elem_7f2b82c4,
aac_mix_test_001102,CLICK,elem_6507685f,
aac_mix_test_001103,CLICK,elem_e083fbcc,
aac_mix_test_001104,SELECT,elem_25090817,Subscriber feed
aac_mix_test_001105,CLICK,elem_ba0709b2,
aac_mix_test_001106,SELECT,elem_6ad0bd0c,Slack
aac_mix_test_001107,CLICK,elem_b9ccd0a3,
aac_mix_test_001108,CLICK,elem_20391449,
aac_mix_test_001109,CLICK,elem_8ebe0c04,
aac_mix_test_001110,SELECT,elem_de55fd88,Tower block
aac_mix_test_001111,CLICK,elem_620d7f48,
aac_mix_test_001112,CLICK,elem_3d6818c3,
aac_mix_test_001113,CLICK,elem_c78134a4,
aac_mix_test_001114,TYPE,elem_204f3e95,Elevated Escape
aac_mix_test_001115,CLICK,elem_ae4654a9,
aac_mix_test_001116,TYPE,elem_5a3ff627,Parker Garcia
aac_mix_test_001117,TYPE,elem_b6bd2dd7,Dallas
aac_mix_test_001118,CLICK,elem_fca9363f,
aac_mix_test_001119,SELECT,elem_c94a2270,-20 C
aac_mix_test_001120,CLICK,elem_377a18e0,
aac_mix_test_001121,CLICK,elem_16bb7058,
aac_mix_test_001122,CLICK,elem_1169e4f0,
aac_mix_test_001123,TYPE,elem_3d552ea5,New York
aac_mix_test_001124,CLICK,elem_285f072b,
aac_mix_test_001125,TYPE,elem_fc3b2f34,BK-QB42913
aac_mix_test_001126,TYPE,elem_6bb28b54,April 7
aac_mix_test_001127,TYPE,elem_9a2a8e7a,Rowan Miller
aac_mix_test_001128,CLICK,elem_9d9d55c8,
aac_mix_test_001129,TYPE,elem_7a4b5660,The Flash
aac_mix_test_001130,TYPE,elem_0d5a3402,corner tear
aac_mix_test_001131,TYPE,elem_321c8778,Stewart Bloom
aac_mix_test_001132,CLICK,elem_e9a96e0d,
aac_mix_test_001133,SELECT,elem_4385c167,Draft
aac_mix_test_001134,SELECT,elem_ea7fe0dc,Pager
aac_mix_test_001135,CLICK,elem_d972255c,
aac_mix_test_001136,CLICK,elem_e797fe7e,
aac_mix_test_001137,TYPE,elem_3c7b6ae1,Smith
aac_mix_test_001138,CLICK,elem_5fa48289,
aac_mix_test_001139,TYPE,elem_c141c43f,Seoul
aac_mix_test_001140,TYPE,elem_3be25a48,Michigan
aac_mix_test_001141,TYPE,elem_dfff6c79,2026-12-20
aac_mix_test_001142,CLICK,elem_911979b4,
aac_mix_test_001143,TYPE,elem_777b1203,Sora
aac_mix_test_001144,CLICK,elem_927363d1,
aac_mix_test_001145,CLICK,elem_109b6380,
aac_mix_test_001146,CLICK,elem_f0b21bf8,
aac_mix_test_001147,CLICK,elem_7d9c7e1b,
aac_mix_test_001148,CLICK,elem_2e2c1f8b,
aac_mix_test_001149,CLICK,elem_6acb29c1,
aac_mix_test_001150,TYPE,elem_b1649d21,Arcadia
aac_mix_test_001151,SELECT,elem_c3a37fe6,Seminar 204
aac_mix_test_001152,CLICK,elem_7c58fb09,
aac_mix_test_001153,CLICK,elem_d146e31a,
aac_mix_test_001154,TYPE,elem_0d2a27fb,2026-08-20
aac_mix_test_001155,CLICK,elem_15a8b4cc,
aac_mix_test_001156,SELECT,elem_3ce9c9b6,16:00-18:00
aac_mix_test_001157,TYPE,elem_576841e7,Iris Park
aac_mix_test_001158,CLICK,elem_f79afe32,
aac_mix_test_001159,CLICK,elem_66f8305d,
aac_mix_test_001160,CLICK,elem_b625eee0,
aac_mix_test_001161,CLICK,elem_91ef9752,
aac_mix_test_001162,CLICK,elem_b8f9f711,
aac_mix_test_001163,CLICK,elem_7a65cfb1,
aac_mix_test_001164,CLICK,elem_f9242d39,
aac_mix_test_001165,CLICK,elem_cf14e089,
aac_mix_test_001166,CLICK,elem_b362b905,
aac_mix_test_001167,CLICK,elem_eea41701,
aac_mix_test_001168,CLICK,elem_83537b9a,
aac_mix_test_001169,TYPE,elem_7f7385cd,47
aac_mix_test_001170,CLICK,elem_904ea401,
aac_mix_test_001171,TYPE,elem_b996af0e,Priya Young
aac_mix_test_001172,TYPE,elem_800af67d,BK-YK97056
aac_mix_test_001173,CLICK,elem_f28d26b7,
aac_mix_test_001174,SELECT,elem_e09b747a,X-axis
aac_mix_test_001175,SELECT,elem_318cc2ec,Urgent
aac_mix_test_001176,TYPE,elem_11803eeb,Casey
aac_mix_test_001177,CLICK,elem_d256cee2,
aac_mix_test_001178,TYPE,elem_50101cf5,Taylor Park
aac_mix_test_001179,SELECT,elem_0a620794,Address mismatch
aac_mix_test_001180,CLICK,elem_45c57019,
aac_mix_test_001181,SELECT,elem_bc22fc6d,18
aac_mix_test_001182,CLICK,elem_1465da95,
aac_mix_test_001183,CLICK,elem_628ba80a,
aac_mix_test_001184,CLICK,elem_8d387e25,
aac_mix_test_001185,CLICK,elem_8cd3b556,
aac_mix_test_001186,SELECT,elem_f67807f7,Research
aac_mix_test_001187,TYPE,elem_74239843,Marcus
aac_mix_test_001188,CLICK,elem_2e609f2c,
aac_mix_test_001189,SELECT,elem_04fcf026,Sejong
aac_mix_test_001190,CLICK,elem_3dc2abf2,
aac_mix_test_001191,SELECT,elem_8fef18b2,en
aac_mix_test_001192,CLICK,elem_49791349,
aac_mix_test_001193,SELECT,elem_64d1ea85,No major allergens
aac_mix_test_001194,SELECT,elem_5a411f66,Studio 3
aac_mix_test_001195,SELECT,elem_943b86c7,6 PM
aac_mix_test_001196,CLICK,elem_c1aa7582,
aac_mix_test_001197,CLICK,elem_f407a8da,
aac_mix_test_001198,SELECT,elem_54b9e6a4,Medium
aac_mix_test_001199,CLICK,elem_00ec721f,
aac_mix_test_001200,TYPE,elem_92c4e306,2026-10-20
aac_mix_test_001201,CLICK,elem_ec0d9432,
aac_mix_test_001202,SELECT,elem_ab928962,-80 C
aac_mix_test_001203,CLICK,elem_7bfd067d,
aac_mix_test_001204,TYPE,elem_9ab79e04,GRT-BN75096
aac_mix_test_001205,SELECT,elem_4e6cc6b0,Freezer A
aac_mix_test_001206,CLICK,elem_fad01464,
aac_mix_test_001207,TYPE,elem_2fbab814,edge-25
aac_mix_test_001208,CLICK,elem_b8dea09e,
aac_mix_test_001209,CLICK,elem_251608e1,
aac_mix_test_001210,CLICK,elem_120b904e,
aac_mix_test_001211,TYPE,elem_b47654ce,cache-66
aac_mix_test_001212,SELECT,elem_8e0b0b16,1.00 mm
aac_mix_test_001213,SELECT,elem_2be7ad3a,Hall B
aac_mix_test_001214,CLICK,elem_b4834aae,
aac_mix_test_001215,CLICK,elem_76947051,
aac_mix_test_001216,CLICK,elem_c1ce20c2,
aac_mix_test_001217,CLICK,elem_349cef1f,
aac_mix_test_001218,CLICK,elem_5ad5e59b,
aac_mix_test_001219,TYPE,elem_bb96b09e,123456789
aac_mix_test_001220,CLICK,elem_db51a075,
aac_mix_test_001221,TYPE,elem_01225f36,"Cincinnati, Ohio"
aac_mix_test_001222,CLICK,elem_52f3e13b,
aac_mix_test_001223,CLICK,elem_b8c6d021,
aac_mix_test_001224,CLICK,elem_836ba3e1,
aac_mix_test_001225,CLICK,elem_ea8cae24,
aac_mix_test_001226,CLICK,elem_13724314,
aac_mix_test_001227,CLICK,elem_d01e89a3,
aac_mix_test_001228,CLICK,elem_a2b0ef46,
aac_mix_test_001229,CLICK,elem_7fa24137,
aac_mix_test_001230,TYPE,elem_1c05b433,joe@bloggs.com
aac_mix_test_001231,CLICK,elem_43bdedc9,
aac_mix_test_001232,CLICK,elem_b12bc85b,
aac_mix_test_001233,CLICK,elem_f2a67c36,
aac_mix_test_001234,CLICK,elem_5b401eb2,
aac_mix_test_001235,CLICK,elem_9757305f,
aac_mix_test_001236,CLICK,elem_748d6631,
aac_mix_test_001237,CLICK,elem_9f852007,
aac_mix_test_001238,CLICK,elem_6a397bc4,
aac_mix_test_001239,TYPE,elem_c01558f0,BED-17
aac_mix_test_001240,CLICK,elem_6f602b95,
aac_mix_test_001241,CLICK,elem_57afdcc7,
aac_mix_test_001242,TYPE,elem_e772019b,latency above threshold
aac_mix_test_001243,CLICK,elem_1804d0fa,
aac_mix_test_001244,CLICK,elem_45ef64c3,
aac_mix_test_001245,CLICK,elem_7d67d5bc,
aac_mix_test_001246,SELECT,elem_7cc77818,NDA
aac_mix_test_001247,SELECT,elem_050228ac,Needs revision
aac_mix_test_001248,CLICK,elem_8489d90c,
aac_mix_test_001249,SELECT,elem_9038d698,Finance
aac_mix_test_001250,CLICK,elem_6ebd3dfc,
aac_mix_test_001251,CLICK,elem_39b7c68b,
aac_mix_test_001252,CLICK,elem_06a1c1fa,
aac_mix_test_001253,CLICK,elem_3af6521b,
aac_mix_test_001254,TYPE,elem_b8b9ddb2,Alex
aac_mix_test_001255,TYPE,elem_54000532,Priya Singh
aac_mix_test_001256,SELECT,elem_3157fb5c,Relay beacon
aac_mix_test_001257,CLICK,elem_3f9f26da,
aac_mix_test_001258,TYPE,elem_e2c04972,motorcycle
aac_mix_test_001259,SELECT,elem_0bd4d638,High
aac_mix_test_001260,CLICK,elem_a849c75e,
aac_mix_test_001261,SELECT,elem_4984f429,Pager
aac_mix_test_001262,TYPE,elem_85df3568,CLS-XL789
aac_mix_test_001263,CLICK,elem_6bd25d2f,
aac_mix_test_001264,SELECT,elem_29fd2a65,Assessment
aac_mix_test_001265,CLICK,elem_5b35ed06,
aac_mix_test_001266,TYPE,elem_cc56fcbf,sesame
aac_mix_test_001267,CLICK,elem_fe385dc5,
aac_mix_test_001268,TYPE,elem_d3d2d334,670
aac_mix_test_001269,TYPE,elem_e1ad0734,ITM-EU0977
aac_mix_test_001270,CLICK,elem_45c69e95,
aac_mix_test_001271,CLICK,elem_8977eea2,
aac_mix_test_001272,CLICK,elem_599b4b00,
aac_mix_test_001273,SELECT,elem_c9e3595f,1.00 mm
aac_mix_test_001274,CLICK,elem_a4bcb749,
aac_mix_test_001275,CLICK,elem_5951e436,
aac_mix_test_001276,CLICK,elem_13f3243a,
aac_mix_test_001277,CLICK,elem_7375c38d,
aac_mix_test_001278,CLICK,elem_b5eca0c0,
aac_mix_test_001279,SELECT,elem_25327e15,JPY
aac_mix_test_001280,TYPE,elem_60335505,2026-06-05
aac_mix_test_001281,SELECT,elem_17454d27,SGD
aac_mix_test_001282,SELECT,elem_79b131b3,Contractor
aac_mix_test_001283,SELECT,elem_00e50d23,Needs revision
aac_mix_test_001284,CLICK,elem_4598a6a9,
aac_mix_test_001285,CLICK,elem_8dbc15a7,
aac_mix_test_001286,TYPE,elem_f0b89f88,ohio
aac_mix_test_001287,CLICK,elem_440f3798,
aac_mix_test_001288,CLICK,elem_6ead35d4,
aac_mix_test_001289,CLICK,elem_be281e9f,
aac_mix_test_001290,TYPE,elem_ed48848a,Emma
aac_mix_test_001291,CLICK,elem_7724787d,
aac_mix_test_001292,CLICK,elem_429dbad9,
aac_mix_test_001293,CLICK,elem_cbaac99a,
aac_mix_test_001294,CLICK,elem_11f62df4,
aac_mix_test_001295,SELECT,elem_a058081a,Enterprise
aac_mix_test_001296,CLICK,elem_a270049c,
aac_mix_test_001297,CLICK,elem_634cadd5,
aac_mix_test_001298,CLICK,elem_bcbcfc6b,
aac_mix_test_001299,CLICK,elem_d1a0a89b,
aac_mix_test_001300,TYPE,elem_b45d2bd0,Quiet Signals
aac_mix_test_001301,CLICK,elem_f91a98b2,
aac_mix_test_001302,CLICK,elem_1b5d0951,
aac_mix_test_001303,CLICK,elem_736b7913,
aac_mix_test_001304,SELECT,elem_dccaee33,Harbor west
aac_mix_test_001305,CLICK,elem_e947571d,
aac_mix_test_001306,TYPE,elem_8eaf5341,2023-04-20
aac_mix_test_001307,CLICK,elem_3d49c374,
aac_mix_test_001308,TYPE,elem_d8d0e4bc,SAT-NU0329
aac_mix_test_001309,SELECT,elem_00569488,18:00-20:00
aac_mix_test_001310,TYPE,elem_6ae5ae75,regional error spike
aac_mix_test_001311,CLICK,elem_0accd310,
aac_mix_test_001312,CLICK,elem_6c720937,
aac_mix_test_001313,TYPE,elem_1241e6dd,2026-06-23
aac_mix_test_001314,TYPE,elem_71d76d86,Vintage Clothing
aac_mix_test_001315,TYPE,elem_a90b4217,2026-11-08
aac_mix_test_001316,CLICK,elem_63bc8cb8,
aac_mix_test_001317,SELECT,elem_f3be5d8d,SGD
aac_mix_test_001318,TYPE,elem_feaba4c6,498
aac_mix_test_001319,SELECT,elem_151938aa,SMS
aac_mix_test_001320,SELECT,elem_dcea5e76,09:30-11:30
aac_mix_test_001321,SELECT,elem_70608c06,09:30-11:30
aac_mix_test_001322,CLICK,elem_9a10062a,
aac_mix_test_001323,CLICK,elem_bb2ac1e8,
aac_mix_test_001324,CLICK,elem_262c085b,
aac_mix_test_001325,CLICK,elem_6f31da7f,
aac_mix_test_001326,CLICK,elem_06fd3384,
aac_mix_test_001327,SELECT,elem_26b7e2d9,Rack Delta
aac_mix_test_001328,CLICK,elem_fbc1ded8,
aac_mix_test_001329,SELECT,elem_a9f54fdf,Civic
aac_mix_test_001330,SELECT,elem_cd36d620,Medium
aac_mix_test_001331,CLICK,elem_2d42d10f,
aac_mix_test_001332,SELECT,elem_c8ce3fe5,JPY
aac_mix_test_001333,CLICK,elem_2c0b9c4d,
aac_mix_test_001334,TYPE,elem_d86626a1,2026-07-11
aac_mix_test_001335,CLICK,elem_e914e9d7,
aac_mix_test_001336,CLICK,elem_7567bffa,
aac_mix_test_001337,CLICK,elem_507952ce,
aac_mix_test_001338,CLICK,elem_fd1b17e4,
aac_mix_test_001339,CLICK,elem_9fa5c0c8,
aac_mix_test_001340,CLICK,elem_08bd9c78,
aac_mix_test_001341,CLICK,elem_e78be7bf,
aac_mix_test_001342,TYPE,elem_ef6712c0,B-615
aac_mix_test_001343,TYPE,elem_783d7c56,774
aac_mix_test_001344,TYPE,elem_8f441966,Policy roundtable
aac_mix_test_001345,SELECT,elem_bd7ed3c9,Production
aac_mix_test_001346,TYPE,elem_9e8393df,Kendall
aac_mix_test_001347,TYPE,elem_5446bdf3,2026-11-02
aac_mix_test_001348,TYPE,elem_9c4773d5,cache purge failing
aac_mix_test_001349,CLICK,elem_dede7fbc,
aac_mix_test_001350,TYPE,elem_bc9c7e53,Haneul
aac_mix_test_001351,TYPE,elem_23e93e07,Iris
aac_mix_test_001352,CLICK,elem_81c599d8,
aac_mix_test_001353,CLICK,elem_0e977bd5,
aac_mix_test_001354,CLICK,elem_8239e30e,
aac_mix_test_001355,CLICK,elem_919a2a60,
aac_mix_test_001356,CLICK,elem_63b0dbe3,
aac_mix_test_001357,CLICK,elem_1579238d,
aac_mix_test_001358,CLICK,elem_8efe5b77,
aac_mix_test_001359,CLICK,elem_02aa6cbd,
aac_mix_test_001360,CLICK,elem_8b14aa92,
aac_mix_test_001361,SELECT,elem_f27c7443,Ready for mix
aac_mix_test_001362,CLICK,elem_ed26e978,
aac_mix_test_001363,TYPE,elem_3c84e7cd,Theo
aac_mix_test_001364,CLICK,elem_f90ade8b,
aac_mix_test_001365,CLICK,elem_bbb2ac1e,
aac_mix_test_001366,SELECT,elem_d9981efc,CC-455
aac_mix_test_001367,CLICK,elem_94b14341,
aac_mix_test_001368,CLICK,elem_23c861f5,
aac_mix_test_001369,CLICK,elem_389d83dc,
aac_mix_test_001370,CLICK,elem_63cedb79,
aac_mix_test_001371,CLICK,elem_546c5d01,
aac_mix_test_001372,TYPE,elem_2d3b2245,Founders night
aac_mix_test_001373,TYPE,elem_5cfbccd4,Quinn Khan
aac_mix_test_001374,SELECT,elem_57ea0989,Voice call
aac_mix_test_001375,TYPE,elem_a682f73b,Noah
aac_mix_test_001376,CLICK,elem_bbfddaed,
aac_mix_test_001377,SELECT,elem_6badf821,Critical
aac_mix_test_001378,CLICK,elem_ada5b130,
aac_mix_test_001379,TYPE,elem_45887111,734
aac_mix_test_001380,CLICK,elem_95503d14,
aac_mix_test_001381,CLICK,elem_afa56b6b,
aac_mix_test_001382,CLICK,elem_38a136f5,
aac_mix_test_001383,CLICK,elem_409f3803,
aac_mix_test_001384,CLICK,elem_e79050f6,
aac_mix_test_001385,CLICK,elem_27478ed6,
aac_mix_test_001386,CLICK,elem_f6aa1da8,
aac_mix_test_001387,TYPE,elem_2b35f296,Policy roundtable
aac_mix_test_001388,SELECT,elem_8e145df3,SMS
aac_mix_test_001389,CLICK,elem_22101f26,
aac_mix_test_001390,TYPE,elem_34f9367d,Stewart Bloom
aac_mix_test_001391,CLICK,elem_b9bc2f77,
aac_mix_test_001392,TYPE,elem_043294c8,1111111111111111
aac_mix_test_001393,CLICK,elem_1f1d535e,
aac_mix_test_001394,TYPE,elem_a68be309,Los Angeles
aac_mix_test_001395,TYPE,elem_662fd315,ACCT-MV0194
aac_mix_test_001396,CLICK,elem_aa8089be,
aac_mix_test_001397,CLICK,elem_01817ac7,
aac_mix_test_001398,TYPE,elem_b861c331,ACCT-KT9811
aac_mix_test_001399,CLICK,elem_c7a89b4b,
aac_mix_test_001400,SELECT,elem_3930b561,EUR
aac_mix_test_001401,TYPE,elem_9408bb11,Lumen
aac_mix_test_001402,CLICK,elem_3d333a35,
aac_mix_test_001403,TYPE,elem_3e6715f4,528
aac_mix_test_001404,CLICK,elem_548f90d2,
aac_mix_test_001405,CLICK,elem_572ce19f,
aac_mix_test_001406,CLICK,elem_98c6d0e2,
aac_mix_test_001407,TYPE,elem_c8277855,xbox 360 games
aac_mix_test_001408,CLICK,elem_71d69ad5,
aac_mix_test_001409,TYPE,elem_28d8d953,Volunteer kickoff
aac_mix_test_001410,CLICK,elem_57615022,
aac_mix_test_001411,CLICK,elem_cc13bfd2,
aac_mix_test_001412,TYPE,elem_1ce3da87,226
aac_mix_test_001413,CLICK,elem_d72817c5,
aac_mix_test_001414,CLICK,elem_6949ce1b,
aac_mix_test_001415,CLICK,elem_34ed819b,
aac_mix_test_001416,CLICK,elem_03748db3,
aac_mix_test_001417,CLICK,elem_57792c17,
aac_mix_test_001418,CLICK,elem_9a0a0726,
aac_mix_test_001419,TYPE,elem_a20e7d71,basil
aac_mix_test_001420,CLICK,elem_485691fa,
aac_mix_test_001421,SELECT,elem_5f6a6e33,0.05 mm
aac_mix_test_001422,CLICK,elem_8ed4714e,
aac_mix_test_001423,TYPE,elem_f39d732c,Under the Canopy
aac_mix_test_001424,CLICK,elem_8698e66b,
aac_mix_test_001425,CLICK,elem_5a9e5ba6,
aac_mix_test_001426,CLICK,elem_e0828212,
aac_mix_test_001427,SELECT,elem_3bdd3490,Small Car
aac_mix_test_001428,TYPE,elem_e67f12af,Drew
aac_mix_test_001429,CLICK,elem_a9740b94,
aac_mix_test_001430,CLICK,elem_9228a43c,
aac_mix_test_001431,SELECT,elem_42085229,QC passed
aac_mix_test_001432,TYPE,elem_3427f10e,Nadia Singh
aac_mix_test_001433,CLICK,elem_231e1590,
aac_mix_test_001434,CLICK,elem_0f1ecd01,
aac_mix_test_001435,SELECT,elem_117ca588,Urgent
aac_mix_test_001436,CLICK,elem_986510c6,
aac_mix_test_001437,TYPE,elem_9f165b2e,Taylor Wilson
aac_mix_test_001438,SELECT,elem_f8f71a27,High
aac_mix_test_001439,CLICK,elem_278d59ab,
aac_mix_test_001440,CLICK,elem_fff252fc,
aac_mix_test_001441,SELECT,elem_7bd213d8,Health packet
aac_mix_test_001442,CLICK,elem_5cda3c10,
aac_mix_test_001443,SELECT,elem_ebb329cf,CC-310
aac_mix_test_001444,CLICK,elem_7df4ab12,
aac_mix_test_001445,CLICK,elem_295720f4,
aac_mix_test_001446,CLICK,elem_f686e1ae,
aac_mix_test_001447,CLICK,elem_2eb790f6,
aac_mix_test_001448,CLICK,elem_7e1f3fe6,
aac_mix_test_001449,CLICK,elem_2c830e89,
aac_mix_test_001450,TYPE,elem_1b4da25e,"San Antonio, Texas"
aac_mix_test_001451,CLICK,elem_3b889092,
aac_mix_test_001452,TYPE,elem_0b0855e9,Casey
aac_mix_test_001453,CLICK,elem_6b3afb32,
aac_mix_test_001454,SELECT,elem_c6c2c205,Archive Vault
aac_mix_test_001455,SELECT,elem_04a87ae4,Hawaii
aac_mix_test_001456,SELECT,elem_4a4e3c49,C1
aac_mix_test_001457,CLICK,elem_2d6114a0,
aac_mix_test_001458,CLICK,elem_3681f230,
aac_mix_test_001459,SELECT,elem_9cd86ca3,Urgent
aac_mix_test_001460,SELECT,elem_2b6363ae,Proration
aac_mix_test_001461,CLICK,elem_58f24a58,
aac_mix_test_001462,CLICK,elem_889c3c1d,
aac_mix_test_001463,CLICK,elem_22bee4eb,
aac_mix_test_001464,TYPE,elem_69985386,90028
aac_mix_test_001465,CLICK,elem_6138a0bf,
aac_mix_test_001466,CLICK,elem_22cb76f1,
aac_mix_test_001467,CLICK,elem_2fff025a,
aac_mix_test_001468,CLICK,elem_269443e7,
aac_mix_test_001469,CLICK,elem_6c5c928a,
aac_mix_test_001470,CLICK,elem_119ae0d2,
aac_mix_test_001471,CLICK,elem_b25198ff,
aac_mix_test_001472,CLICK,elem_e320d747,
aac_mix_test_001473,TYPE,elem_c23306e0,2026-11-14
aac_mix_test_001474,CLICK,elem_f8cb00f1,
aac_mix_test_001475,CLICK,elem_95511fe6,
aac_mix_test_001476,SELECT,elem_11d26bcd,SMS
aac_mix_test_001477,CLICK,elem_38efe8a6,
aac_mix_test_001478,CLICK,elem_1269e2eb,
aac_mix_test_001479,CLICK,elem_a9e666e8,
aac_mix_test_001480,CLICK,elem_91642e5c,
aac_mix_test_001481,SELECT,elem_2b37a77a,Sejong
aac_mix_test_001482,CLICK,elem_b07c9062,
aac_mix_test_001483,CLICK,elem_64343e88,
aac_mix_test_001484,CLICK,elem_15f50d32,
aac_mix_test_001485,CLICK,elem_5189572c,
aac_mix_test_001486,CLICK,elem_7127d70a,
aac_mix_test_001487,CLICK,elem_4284a958,
aac_mix_test_001488,SELECT,elem_3b3c198b,Dropped
aac_mix_test_001489,SELECT,elem_994ce2f3,Scheduled
aac_mix_test_001490,CLICK,elem_71d3070a,
aac_mix_test_001491,SELECT,elem_4999c0e4,Draft
aac_mix_test_001492,SELECT,elem_4e057bb2,Boardroom
aac_mix_test_001493,SELECT,elem_2e1f4888,High
aac_mix_test_001494,SELECT,elem_1c4ae39a,Hall B
aac_mix_test_001495,CLICK,elem_8a3669a9,
aac_mix_test_001496,CLICK,elem_fd8b55f5,
aac_mix_test_001497,TYPE,elem_297e3bee,BOT-UT904
aac_mix_test_001498,CLICK,elem_bb8172c5,
aac_mix_test_001499,TYPE,elem_34d4b818,Lumen
aac_mix_test_001500,SELECT,elem_57c23deb,Tax correction
aac_mix_test_001501,SELECT,elem_65de0a22,Starter
aac_mix_test_001502,CLICK,elem_61616edf,
aac_mix_test_001503,SELECT,elem_ef2e53c7,Low
aac_mix_test_001504,CLICK,elem_c35c9b0e,
aac_mix_test_001505,SELECT,elem_86c1cb26,Payload imagery
aac_mix_test_001506,SELECT,elem_02ab2ef0,Boardroom
aac_mix_test_001507,SELECT,elem_f9e8f29a,Sejong
aac_mix_test_001508,SELECT,elem_4ab8f5bb,Stabilization
aac_mix_test_001509,CLICK,elem_fcbff5b7,
aac_mix_test_001510,TYPE,elem_6e5aea95,"Brooklyn, OH, US"
aac_mix_test_001511,CLICK,elem_b4c6ee70,
aac_mix_test_001512,CLICK,elem_3f04f86c,
aac_mix_test_001513,CLICK,elem_3bae53cf,
aac_mix_test_001514,CLICK,elem_381064be,
aac_mix_test_001515,CLICK,elem_32274530,
aac_mix_test_001516,CLICK,elem_aee744df,
aac_mix_test_001517,SELECT,elem_ce724d3e,Contractor
aac_mix_test_001518,CLICK,elem_8c838283,
aac_mix_test_001519,TYPE,elem_bb4ed8e0,Jordan Davis
aac_mix_test_001520,CLICK,elem_332cfc14,
aac_mix_test_001521,SELECT,elem_5d78bc7b,KRW
aac_mix_test_001522,TYPE,elem_2031b03a,db-10
aac_mix_test_001523,TYPE,elem_c3b07827,10000001
aac_mix_test_001524,TYPE,elem_a49f4f3b,1234567890123
aac_mix_test_001525,TYPE,elem_b228e6cf,"Mumbai, India"
aac_mix_test_001526,TYPE,elem_ba27fea9,2026-11-11
aac_mix_test_001527,TYPE,elem_18712132,Maya Park
aac_mix_test_001528,CLICK,elem_9f59fe50,
aac_mix_test_001529,CLICK,elem_87023ad5,
aac_mix_test_001530,TYPE,elem_bd5b8edb,katy perry
aac_mix_test_001531,SELECT,elem_db3622f8,Hall B
aac_mix_test_001532,CLICK,elem_e95fad4e,
aac_mix_test_001533,CLICK,elem_154f467f,
aac_mix_test_001534,SELECT,elem_51d7e166,SGD
aac_mix_test_001535,SELECT,elem_67e0ae80,Staging
aac_mix_test_001536,SELECT,elem_812cccaf,SEV-2
aac_mix_test_001537,CLICK,elem_9f93c056,
aac_mix_test_001538,TYPE,elem_13411b6f,john.davis
aac_mix_test_001539,CLICK,elem_33950647,
aac_mix_test_001540,CLICK,elem_167b406f,
aac_mix_test_001541,SELECT,elem_a20b1ec8,Waitlisted
aac_mix_test_001542,CLICK,elem_40d8fdf4,
aac_mix_test_001543,CLICK,elem_227c3009,
aac_mix_test_001544,SELECT,elem_5421200c,North Annex
aac_mix_test_001545,CLICK,elem_b949634f,
aac_mix_test_001546,CLICK,elem_650fd31a,
aac_mix_test_001547,CLICK,elem_22b41479,
aac_mix_test_001548,CLICK,elem_ec998c2a,
aac_mix_test_001549,CLICK,elem_8371afd7,
aac_mix_test_001550,TYPE,elem_77a324f8,2026-09-08
aac_mix_test_001551,CLICK,elem_4da95521,
aac_mix_test_001552,CLICK,elem_abc72947,
aac_mix_test_001553,CLICK,elem_dc601897,
aac_mix_test_001554,TYPE,elem_a2305b9f,Bloggs
aac_mix_test_001555,CLICK,elem_464bda06,
aac_mix_test_001556,CLICK,elem_9f096714,
aac_mix_test_001557,CLICK,elem_f5890dea,
aac_mix_test_001558,SELECT,elem_222551bd,0.25 mm
aac_mix_test_001559,SELECT,elem_93fc2c53,Scheduled
aac_mix_test_001560,CLICK,elem_8e8de2dd,
aac_mix_test_001561,CLICK,elem_193cffe7,
aac_mix_test_001562,CLICK,elem_b1387ebd,
aac_mix_test_001563,CLICK,elem_27c09416,
aac_mix_test_001564,TYPE,elem_526424f6,DRN-RC5035
aac_mix_test_001565,SELECT,elem_1dc9020f,SOW
aac_mix_test_001566,SELECT,elem_ca8c066b,Santiago
aac_mix_test_001567,CLICK,elem_0ff24221,
aac_mix_test_001568,CLICK,elem_8fef6687,
aac_mix_test_001569,CLICK,elem_61df191b,
aac_mix_test_001570,CLICK,elem_32c82fa4,
aac_mix_test_001571,CLICK,elem_1f290498,
aac_mix_test_001572,TYPE,elem_661f8987,Olivia Khan
aac_mix_test_001573,CLICK,elem_0ed2224e,
aac_mix_test_001574,CLICK,elem_3b674668,
aac_mix_test_001575,TYPE,elem_476745a9,X123456789
aac_mix_test_001576,TYPE,elem_d6358955,Iris
aac_mix_test_001577,CLICK,elem_fb9d1898,
aac_mix_test_001578,SELECT,elem_0aeeda14,Employee
aac_mix_test_001579,TYPE,elem_377ecebd,2026-10-20
aac_mix_test_001580,TYPE,elem_61813948,Noah
aac_mix_test_001581,CLICK,elem_d53f460f,
aac_mix_test_001582,TYPE,elem_9b7a70fd,ITM-ED1004
aac_mix_test_001583,TYPE,elem_29b135f9,miami
aac_mix_test_001584,CLICK,elem_927d74ad,
aac_mix_test_001585,SELECT,elem_3b6adcfe,Santiago
aac_mix_test_001586,SELECT,elem_7e15c3d7,Growth
aac_mix_test_001587,CLICK,elem_0ea0dfd2,
aac_mix_test_001588,CLICK,elem_d797fc99,
aac_mix_test_001589,CLICK,elem_60e4327b,
aac_mix_test_001590,CLICK,elem_b78aff94,
aac_mix_test_001591,TYPE,elem_2012d30a,site_38df0d02 credit
aac_mix_test_001592,CLICK,elem_1c109dc1,
aac_mix_test_001593,CLICK,elem_5a428c2f,
aac_mix_test_001594,TYPE,elem_af49b3f2,Riley
aac_mix_test_001595,TYPE,elem_09048c26,2026-12-05
aac_mix_test_001596,TYPE,elem_a8d7198c,2026-06-14
aac_mix_test_001597,CLICK,elem_726f39d1,
aac_mix_test_001598,CLICK,elem_3eaa05f4,
aac_mix_test_001599,TYPE,elem_e67a60bb,919
aac_mix_test_001600,CLICK,elem_2250915f,
aac_mix_test_001601,CLICK,elem_df5bc6f6,
aac_mix_test_001602,TYPE,elem_5f3bee3d,Priya
aac_mix_test_001603,SELECT,elem_bb34e6ec,Voice call
aac_mix_test_001604,CLICK,elem_f046b9c1,
aac_mix_test_001605,CLICK,elem_d160bd5b,
aac_mix_test_001606,CLICK,elem_de188ca7,
aac_mix_test_001607,CLICK,elem_7ed1ee27,
aac_mix_test_001608,SELECT,elem_184adb35,CC-310
aac_mix_test_001609,CLICK,elem_05210a13,
aac_mix_test_001610,CLICK,elem_82530caf,
aac_mix_test_001611,SELECT,elem_2c383a19,X-band
aac_mix_test_001612,SELECT,elem_0f827c97,Voice call
aac_mix_test_001613,TYPE,elem_468e459c,db-57
aac_mix_test_001614,CLICK,elem_776a3878,
aac_mix_test_001615,SELECT,elem_565d2549,Manual review
aac_mix_test_001616,CLICK,elem_e4b19a1b,
aac_mix_test_001617,SELECT,elem_4ef9b7f7,10:00-12:00
aac_mix_test_001618,CLICK,elem_2aab0b26,
aac_mix_test_001619,CLICK,elem_66b529d9,
aac_mix_test_001620,CLICK,elem_4e119d6c,
aac_mix_test_001621,CLICK,elem_998a11e6,
aac_mix_test_001622,CLICK,elem_0c716928,
aac_mix_test_001623,TYPE,elem_e809f931,"New York, NY"
aac_mix_test_001624,CLICK,elem_dd2675bb,
aac_mix_test_001625,TYPE,elem_f08e9fbb,Reese Baker
aac_mix_test_001626,CLICK,elem_106fb9c4,
aac_mix_test_001627,CLICK,elem_28e782c1,
aac_mix_test_001628,CLICK,elem_d86167ad,
aac_mix_test_001629,CLICK,elem_7d6768e0,
aac_mix_test_001630,CLICK,elem_76bc4078,
aac_mix_test_001631,TYPE,elem_6d03518c,Harper Davis
aac_mix_test_001632,SELECT,elem_a0934df5,Emergency
aac_mix_test_001633,CLICK,elem_226ed833,
aac_mix_test_001634,CLICK,elem_e41c9964,
aac_mix_test_001635,TYPE,elem_4c6d50b4,10001
aac_mix_test_001636,CLICK,elem_c187c7b3,
aac_mix_test_001637,CLICK,elem_fab5b8f6,
aac_mix_test_001638,CLICK,elem_6014b3de,
aac_mix_test_001639,CLICK,elem_bc66fa09,
aac_mix_test_001640,SELECT,elem_e3b1842e,Routine
aac_mix_test_001641,SELECT,elem_1016928a,ko-KR
aac_mix_test_001642,CLICK,elem_f839a0c9,
aac_mix_test_001643,TYPE,elem_fa649880,Arcadia
aac_mix_test_001644,CLICK,elem_148242de,
aac_mix_test_001645,TYPE,elem_258095e8,SN-UT142729
aac_mix_test_001646,CLICK,elem_37118fa7,
aac_mix_test_001647,SELECT,elem_5939fae0,Hall A
aac_mix_test_001648,SELECT,elem_5f740cad,CC-227
aac_mix_test_001649,TYPE,elem_adb6862a,Felix
aac_mix_test_001650,SELECT,elem_c631a3a2,Cracked enclosure
aac_mix_test_001651,CLICK,elem_af96d742,
aac_mix_test_001652,CLICK,elem_fcbca4f0,
aac_mix_test_001653,CLICK,elem_984b0fd1,
aac_mix_test_001654,CLICK,elem_3227599b,
aac_mix_test_001655,CLICK,elem_3822dcfd,
aac_mix_test_001656,TYPE,elem_22f81c0d,30
aac_mix_test_001657,SELECT,elem_ce35198d,Partner feed
aac_mix_test_001658,TYPE,elem_ea48c521,dublin
aac_mix_test_001659,CLICK,elem_0eaf870a,
aac_mix_test_001660,CLICK,elem_bcfa7d46,
aac_mix_test_001661,CLICK,elem_87744876,
aac_mix_test_001662,CLICK,elem_677d1543,
aac_mix_test_001663,CLICK,elem_4827faba,
aac_mix_test_001664,TYPE,elem_e69ba453,Jisoo Choi
aac_mix_test_001665,SELECT,elem_158cdc3d,Production
aac_mix_test_001666,TYPE,elem_0f2837ed,Marcus Khan
aac_mix_test_001667,CLICK,elem_793e878f,
aac_mix_test_001668,CLICK,elem_d2668157,
aac_mix_test_001669,CLICK,elem_7deeeb8f,
aac_mix_test_001670,SELECT,elem_e6b64784,Employee
aac_mix_test_001671,SELECT,elem_4a416812,Stabilization
aac_mix_test_001672,CLICK,elem_b2071eb8,
aac_mix_test_001673,CLICK,elem_e051580b,
aac_mix_test_001674,CLICK,elem_bc7e1796,
aac_mix_test_001675,SELECT,elem_5fc7170b,Maple
aac_mix_test_001676,CLICK,elem_59ac0c99,
aac_mix_test_001677,CLICK,elem_2dd647be,
aac_mix_test_001678,TYPE,elem_b508ac06,2026-11-14
aac_mix_test_001679,CLICK,elem_32956aa8,
aac_mix_test_001680,TYPE,elem_5885b86c,2026-11-20
aac_mix_test_001681,CLICK,elem_6c942a1a,
aac_mix_test_001682,TYPE,elem_839e26a3,C-193
aac_mix_test_001683,TYPE,elem_76061e77,Felix
aac_mix_test_001684,CLICK,elem_753df036,
aac_mix_test_001685,CLICK,elem_7eeb5862,
aac_mix_test_001686,CLICK,elem_f9c4afb6,
aac_mix_test_001687,CLICK,elem_db4bd351,
aac_mix_test_001688,SELECT,elem_72041f0d,Low
aac_mix_test_001689,TYPE,elem_8976842a,149
aac_mix_test_001690,CLICK,elem_e0d918a1,
aac_mix_test_001691,CLICK,elem_6b819cf1,
aac_mix_test_001692,CLICK,elem_7591ad1e,
aac_mix_test_001693,CLICK,elem_527aad19,
aac_mix_test_001694,CLICK,elem_9514a6ac,
aac_mix_test_001695,TYPE,elem_6f097f45,2:00 PM
aac_mix_test_001696,TYPE,elem_9a49565a,D-381
aac_mix_test_001697,CLICK,elem_90584411,
aac_mix_test_001698,CLICK,elem_494687d1,
aac_mix_test_001699,SELECT,elem_8a531672,Failure analysis
aac_mix_test_001700,TYPE,elem_41f71aca,C-417
aac_mix_test_001701,TYPE,elem_106ade75,Kendall
aac_mix_test_001702,CLICK,elem_a205ef47,
aac_mix_test_001703,CLICK,elem_005296c7,
aac_mix_test_001704,CLICK,elem_bb1ca4c2,
aac_mix_test_001705,CLICK,elem_935c6ecd,
aac_mix_test_001706,CLICK,elem_f0383c3f,
aac_mix_test_001707,CLICK,elem_254790ae,
aac_mix_test_001708,CLICK,elem_75701d72,
aac_mix_test_001709,CLICK,elem_e39d0169,
aac_mix_test_001710,CLICK,elem_7ce23788,
aac_mix_test_001711,SELECT,elem_5dca47a9,SGD
aac_mix_test_001712,TYPE,elem_08ff88bb,Dawon
aac_mix_test_001713,TYPE,elem_4f7440d8,ACCT-QE3422
aac_mix_test_001714,CLICK,elem_c242b15b,
aac_mix_test_001715,CLICK,elem_72bda93a,
aac_mix_test_001716,CLICK,elem_3750899d,
aac_mix_test_001717,SELECT,elem_a3b1050b,CC-509
aac_mix_test_001718,CLICK,elem_ec7115ed,
aac_mix_test_001719,CLICK,elem_69ffab3c,
aac_mix_test_001720,SELECT,elem_d4b4f4d6,Manual review
aac_mix_test_001721,CLICK,elem_0ffc05f8,
aac_mix_test_001722,CLICK,elem_7c6739f7,
aac_mix_test_001723,CLICK,elem_f05ddac1,
aac_mix_test_001724,TYPE,elem_6f5d04fa,los angeles
aac_mix_test_001725,CLICK,elem_4e4077f4,
aac_mix_test_001726,CLICK,elem_7baf988f,
aac_mix_test_001727,TYPE,elem_7b5c434d,100
aac_mix_test_001728,TYPE,elem_461e05fc,montgomery airport alabama
aac_mix_test_001729,TYPE,elem_0098e600,finance
aac_mix_test_001730,CLICK,elem_06752d9d,
aac_mix_test_001731,SELECT,elem_88fe38a1,Cafe corner
aac_mix_test_001732,CLICK,elem_85a7a129,
aac_mix_test_001733,TYPE,elem_2547feb2,The Alloy Room
aac_mix_test_001734,TYPE,elem_a3beb890,AST-TQ91810
aac_mix_test_001735,CLICK,elem_4a581990,
aac_mix_test_001736,SELECT,elem_e8b494b5,20-40
aac_mix_test_001737,CLICK,elem_2af1c4b5,
aac_mix_test_001738,CLICK,elem_00da0f95,
aac_mix_test_001739,CLICK,elem_4ab40d67,
aac_mix_test_001740,TYPE,elem_4fd55c8b,Under the Canopy
aac_mix_test_001741,CLICK,elem_1172b802,
aac_mix_test_001742,CLICK,elem_d6e7eea8,
aac_mix_test_001743,CLICK,elem_1d14fd5c,
aac_mix_test_001744,CLICK,elem_26a8f27c,
aac_mix_test_001745,CLICK,elem_7bd70004,
aac_mix_test_001746,CLICK,elem_a569149e,
aac_mix_test_001747,TYPE,elem_ae98d2f7,Evan Davis
aac_mix_test_001748,TYPE,elem_9f3fc889,Mexico City Airport
aac_mix_test_001749,CLICK,elem_826df573,
aac_mix_test_001750,CLICK,elem_f1953076,
aac_mix_test_001751,TYPE,elem_e0632de1,Mina
aac_mix_test_001752,CLICK,elem_5b0bb671,
aac_mix_test_001753,CLICK,elem_46639161,
aac_mix_test_001754,TYPE,elem_513d1095,Arcadia
aac_mix_test_001755,CLICK,elem_e54718d5,
aac_mix_test_001756,TYPE,elem_f603d566,Bluefin
aac_mix_test_001757,CLICK,elem_458aa676,
aac_mix_test_001758,CLICK,elem_45c42732,
aac_mix_test_001759,TYPE,elem_2ce9dc48,Mina
aac_mix_test_001760,CLICK,elem_4a16b294,
aac_mix_test_001761,CLICK,elem_ffb7a9a9,
aac_mix_test_001762,CLICK,elem_10d65207,
aac_mix_test_001763,CLICK,elem_44fce0a8,
aac_mix_test_001764,CLICK,elem_374e9d38,
aac_mix_test_001765,SELECT,elem_3f9c6982,SEV-1
aac_mix_test_001766,TYPE,elem_98810650,10000001
aac_mix_test_001767,TYPE,elem_c028d354,2026-08-11
aac_mix_test_001768,TYPE,elem_ba9aeff7,Jamie Wright
aac_mix_test_001769,CLICK,elem_d5d254f3,
aac_mix_test_001770,SELECT,elem_8a84d4ad,Finance
aac_mix_test_001771,TYPE,elem_bcf457a6,SHIP-EH55580
aac_mix_test_001772,CLICK,elem_43aec5d5,
aac_mix_test_001773,CLICK,elem_fa796b48,
aac_mix_test_001774,TYPE,elem_d0b2db8c,106
aac_mix_test_001775,CLICK,elem_d75da28a,
aac_mix_test_001776,CLICK,elem_8058ab92,
aac_mix_test_001777,CLICK,elem_0dfca346,
aac_mix_test_001778,SELECT,elem_550e2e0f,Assessment
aac_mix_test_001779,TYPE,elem_0b922746,Breakneck Ridge
aac_mix_test_001780,CLICK,elem_44ac9330,
aac_mix_test_001781,CLICK,elem_d7460324,
aac_mix_test_001782,SELECT,elem_456a5c75,Billing queue
aac_mix_test_001783,TYPE,elem_88355d44,ITM-YQ3527
aac_mix_test_001784,CLICK,elem_1f33bb34,
aac_mix_test_001785,CLICK,elem_9aa402bb,
aac_mix_test_001786,CLICK,elem_5cdef901,
aac_mix_test_001787,CLICK,elem_2cf92b87,
aac_mix_test_001788,TYPE,elem_c9b1b939,A-372
aac_mix_test_001789,SELECT,elem_951b663a,Starter
aac_mix_test_001790,CLICK,elem_252879db,
aac_mix_test_001791,TYPE,elem_f1485551,DRN-FP9145
aac_mix_test_001792,TYPE,elem_feafbcc1,Harper Allen
aac_mix_test_001793,CLICK,elem_217b0725,
aac_mix_test_001794,TYPE,elem_3b5bdbdb,Voice call
aac_mix_test_001795,CLICK,elem_395c0123,
aac_mix_test_001796,CLICK,elem_ef58a62d,
aac_mix_test_001797,CLICK,elem_592569b8,
aac_mix_test_001798,TYPE,elem_c9297fdf,john smith
aac_mix_test_001799,SELECT,elem_c7940155,SEV-3
aac_mix_test_001800,CLICK,elem_e86b25dc,
aac_mix_test_001801,CLICK,elem_89a9b574,
aac_mix_test_001802,CLICK,elem_a504d3b3,
aac_mix_test_001803,SELECT,elem_d346a1db,Development
aac_mix_test_001804,SELECT,elem_aa84342a,Scholar access
aac_mix_test_001805,CLICK,elem_a488dd69,
aac_mix_test_001806,CLICK,elem_b283b0d7,
aac_mix_test_001807,CLICK,elem_f4ef40fe,
aac_mix_test_001808,CLICK,elem_aba8090d,
aac_mix_test_001809,TYPE,elem_e7623f45,db-42
aac_mix_test_001810,TYPE,elem_62615ae1,Bluefin
aac_mix_test_001811,CLICK,elem_1618e9fb,
aac_mix_test_001812,SELECT,elem_7df56ac9,Enterprise
aac_mix_test_001813,TYPE,elem_a6f65cae,238
aac_mix_test_001814,CLICK,elem_01678c73,
aac_mix_test_001815,TYPE,elem_64ae27b3,ACCT-FR7849
aac_mix_test_001816,CLICK,elem_13f30ec3,
aac_mix_test_001817,CLICK,elem_1323465e,
aac_mix_test_001818,CLICK,elem_27fd2853,
aac_mix_test_001819,CLICK,elem_75bb1ce3,
aac_mix_test_001820,CLICK,elem_6d50430b,
aac_mix_test_001821,CLICK,elem_60f17c90,
aac_mix_test_001822,CLICK,elem_d2ad490e,
aac_mix_test_001823,SELECT,elem_2c8cd4e7,50% RH
aac_mix_test_001824,TYPE,elem_6d098cdb,2026-11-23
aac_mix_test_001825,TYPE,elem_27696b59,Dublin
aac_mix_test_001826,CLICK,elem_5ffc123f,
aac_mix_test_001827,CLICK,elem_fcb05846,
aac_mix_test_001828,CLICK,elem_504f931a,
aac_mix_test_001829,CLICK,elem_b30528bd,
aac_mix_test_001830,SELECT,elem_0af25a14,Main feed
aac_mix_test_001831,CLICK,elem_65e8db38,
aac_mix_test_001832,CLICK,elem_8633a7b0,
aac_mix_test_001833,SELECT,elem_54cc06be,Needs revision
aac_mix_test_001834,TYPE,elem_6a3b8696,XXS
aac_mix_test_001835,CLICK,elem_2d9deb1e,
aac_mix_test_001836,CLICK,elem_b298b3d2,
aac_mix_test_001837,TYPE,elem_cf9bbe93,118
aac_mix_test_001838,CLICK,elem_59f4ce38,
aac_mix_test_001839,CLICK,elem_ebb98f7c,
aac_mix_test_001840,TYPE,elem_c58ec24e,Hidden Switches
aac_mix_test_001841,TYPE,elem_5f0ec30d,2026-11-11
aac_mix_test_001842,CLICK,elem_07c69a16,
aac_mix_test_001843,SELECT,elem_89aeb542,zh-TW
aac_mix_test_001844,CLICK,elem_64558331,
aac_mix_test_001845,CLICK,elem_75d5a0f2,
aac_mix_test_001846,CLICK,elem_bf7f2bb4,
aac_mix_test_001847,CLICK,elem_4a05102e,
aac_mix_test_001848,TYPE,elem_0dead279,BK-WM28478
aac_mix_test_001849,TYPE,elem_57b2efb5,Jamie Miller
aac_mix_test_001850,CLICK,elem_2442f4f3,
aac_mix_test_001851,SELECT,elem_06eefb4f,Security
aac_mix_test_001852,TYPE,elem_bfc89fdf,BlueCrate
aac_mix_test_001853,TYPE,elem_a17f6d2e,Rowan Adams
aac_mix_test_001854,TYPE,elem_4655d792,2026-07-23
aac_mix_test_001855,CLICK,elem_3e0a6c9a,
aac_mix_test_001856,TYPE,elem_d1d04272,laptop
aac_mix_test_001857,CLICK,elem_0b74d68f,
aac_mix_test_001858,CLICK,elem_2edd0177,
aac_mix_test_001859,CLICK,elem_033f23d6,
aac_mix_test_001860,CLICK,elem_a89d992d,
aac_mix_test_001861,TYPE,elem_f1dec2f9,stanford ca
aac_mix_test_001862,CLICK,elem_2338f2f5,
aac_mix_test_001863,SELECT,elem_06460c5f,Fan noise
aac_mix_test_001864,SELECT,elem_5d3ec4cf,SEV-4
aac_mix_test_001865,TYPE,elem_c9f36bed,2026-06-23
aac_mix_test_001866,TYPE,elem_d5b30fe8,2026-08-26
aac_mix_test_001867,TYPE,elem_742fd177,BK-WL78963
aac_mix_test_001868,CLICK,elem_ff78b128,
aac_mix_test_001869,CLICK,elem_2c438343,
aac_mix_test_001870,CLICK,elem_323c1566,
aac_mix_test_001871,CLICK,elem_315101e0,
aac_mix_test_001872,CLICK,elem_2de73734,
aac_mix_test_001873,CLICK,elem_f52ce738,
aac_mix_test_001874,CLICK,elem_b38387c8,
aac_mix_test_001875,TYPE,elem_74b9a37a,LN-XW26368
aac_mix_test_001876,TYPE,elem_fcbd0351,SAT-DC9520
aac_mix_test_001877,SELECT,elem_5ee56f8b,High
aac_mix_test_001878,TYPE,elem_c95ce3e1,Avery
aac_mix_test_001879,CLICK,elem_e020e919,
aac_mix_test_001880,TYPE,elem_de1800a2,hello world
aac_mix_test_001881,TYPE,elem_050f3883,44012
aac_mix_test_001882,CLICK,elem_67127ee4,
aac_mix_test_001883,TYPE,elem_88a7e5d8,2026-06-20
aac_mix_test_001884,CLICK,elem_fe04e882,
aac_mix_test_001885,SELECT,elem_7123445d,Audit
aac_mix_test_001886,SELECT,elem_b1480bb1,Late night
aac_mix_test_001887,CLICK,elem_936d9752,
aac_mix_test_001888,TYPE,elem_8ec24fb6,surface dust
aac_mix_test_001889,TYPE,elem_97c6953a,2026-09-17
aac_mix_test_001890,SELECT,elem_18c9290b,CC-509
aac_mix_test_001891,SELECT,elem_ae6e0349,Operations
aac_mix_test_001892,CLICK,elem_6e306bbc,
aac_mix_test_001893,TYPE,elem_c0f05fab,oak chair
aac_mix_test_001894,TYPE,elem_2a713d32,Liam
aac_mix_test_001895,SELECT,elem_2aed6a19,Banquet
aac_mix_test_001896,CLICK,elem_83e2cf79,
aac_mix_test_001897,CLICK,elem_340d943a,
aac_mix_test_001898,TYPE,elem_d8c0403a,projector flicker
aac_mix_test_001899,CLICK,elem_f63b100a,
aac_mix_test_001900,TYPE,elem_3316cb52,GRT-WT73321
aac_mix_test_001901,SELECT,elem_07481d2d,Pager
aac_mix_test_001902,CLICK,elem_1c7e9c2e,
aac_mix_test_001903,CLICK,elem_0c2ea0e0,
aac_mix_test_001904,CLICK,elem_ae95e660,
aac_mix_test_001905,CLICK,elem_fe02cef0,
aac_mix_test_001906,CLICK,elem_50cac939,
aac_mix_test_001907,CLICK,elem_6cf28973,
aac_mix_test_001908,SELECT,elem_09800e4a,CC-227
aac_mix_test_001909,CLICK,elem_637489bc,
aac_mix_test_001910,CLICK,elem_943ec3af,
aac_mix_test_001911,CLICK,elem_81ae9d25,
aac_mix_test_001912,SELECT,elem_1b7ce714,Facilities
aac_mix_test_001913,SELECT,elem_947cc4d7,Repair bench
aac_mix_test_001914,CLICK,elem_58f8616a,
aac_mix_test_001915,CLICK,elem_74120860,
aac_mix_test_001916,CLICK,elem_20d27980,
aac_mix_test_001917,CLICK,elem_40089500,
aac_mix_test_001918,CLICK,elem_65d42698,
aac_mix_test_001919,CLICK,elem_73766c48,
aac_mix_test_001920,CLICK,elem_2e4c0a19,
aac_mix_test_001921,CLICK,elem_831a1a4f,
aac_mix_test_001922,CLICK,elem_a0f4b2b6,
aac_mix_test_001923,TYPE,elem_2069fd04,Hana
aac_mix_test_001924,CLICK,elem_8c591212,
aac_mix_test_001925,SELECT,elem_3fd7c5ed,Grab-and-go
aac_mix_test_001926,CLICK,elem_d1ea301c,
aac_mix_test_001927,TYPE,elem_f2edd6aa,10001
aac_mix_test_001928,CLICK,elem_9e8bc6d0,
aac_mix_test_001929,CLICK,elem_02181336,
aac_mix_test_001930,TYPE,elem_9551df71,CLS-SS607
aac_mix_test_001931,CLICK,elem_a7f4846b,
aac_mix_test_001932,CLICK,elem_47786239,
aac_mix_test_001933,CLICK,elem_1b878612,
aac_mix_test_001934,CLICK,elem_8210f69e,
aac_mix_test_001935,CLICK,elem_97885c58,
aac_mix_test_001936,CLICK,elem_76eb345f,
aac_mix_test_001937,CLICK,elem_88553549,
aac_mix_test_001938,TYPE,elem_71a58ce7,553
aac_mix_test_001939,CLICK,elem_14d64426,
aac_mix_test_001940,CLICK,elem_0eef9e33,
aac_mix_test_001941,CLICK,elem_bf2401b8,
aac_mix_test_001942,CLICK,elem_685a0317,
aac_mix_test_001943,TYPE,elem_2448df74,GRT-NU16152
aac_mix_test_001944,SELECT,elem_93e761f0,High
aac_mix_test_001945,CLICK,elem_3b319375,
aac_mix_test_001946,CLICK,elem_b61618c9,
aac_mix_test_001947,CLICK,elem_da3e5b82,
aac_mix_test_001948,CLICK,elem_4c51cc54,
aac_mix_test_001949,CLICK,elem_26b8d65f,
aac_mix_test_001950,SELECT,elem_7787d06c,Atrium
aac_mix_test_001951,CLICK,elem_91c334bb,
aac_mix_test_001952,TYPE,elem_e7de31b0,venice beach
aac_mix_test_001953,TYPE,elem_5f4c7682,10000001
aac_mix_test_001954,TYPE,elem_b121254d,Kendall Lopez
aac_mix_test_001955,SELECT,elem_35b04f6a,SEV-4
aac_mix_test_001956,TYPE,elem_17ce478c,Priya
aac_mix_test_001957,CLICK,elem_64cd94cb,
aac_mix_test_001958,CLICK,elem_df2db47c,
aac_mix_test_001959,CLICK,elem_56b23c90,
aac_mix_test_001960,CLICK,elem_6ffab2af,
aac_mix_test_001961,TYPE,elem_ad578fdb,Leon Sin
aac_mix_test_001962,CLICK,elem_350ebc39,
aac_mix_test_001963,SELECT,elem_7439e30f,Cleaning
aac_mix_test_001964,CLICK,elem_6e883511,
aac_mix_test_001965,CLICK,elem_2d3a911b,
aac_mix_test_001966,CLICK,elem_4efd852d,
aac_mix_test_001967,CLICK,elem_5b8ccdf8,
aac_mix_test_001968,SELECT,elem_fcbb9d6d,Newest
aac_mix_test_001969,CLICK,elem_f85c6442,
aac_mix_test_001970,CLICK,elem_8e4826cc,
aac_mix_test_001971,TYPE,elem_c45d1652,12
aac_mix_test_001972,SELECT,elem_7d265c9c,09:30-11:30
aac_mix_test_001973,TYPE,elem_65de31fc,Kendall
aac_mix_test_001974,CLICK,elem_cffc3ed7,
aac_mix_test_001975,CLICK,elem_6860238b,
aac_mix_test_001976,TYPE,elem_59cbc98d,ITM-SG7358
aac_mix_test_001977,TYPE,elem_89f6ac46,may 6
aac_mix_test_001978,TYPE,elem_f6e15560,Nadia
aac_mix_test_001979,CLICK,elem_be3c99a4,
aac_mix_test_001980,SELECT,elem_d5783579,Ready for mix
aac_mix_test_001981,CLICK,elem_87a4fd0b,
aac_mix_test_001982,CLICK,elem_cb1e12f4,
aac_mix_test_001983,SELECT,elem_46a290c5,Finance
aac_mix_test_001984,TYPE,elem_4b2dacdd,Columbus CMH
aac_mix_test_001985,TYPE,elem_ea228c46,ITM-QW2374
aac_mix_test_001986,CLICK,elem_7861fb63,
aac_mix_test_001987,TYPE,elem_779d0528,First Class
aac_mix_test_001988,SELECT,elem_8bb2ab06,Harbor
aac_mix_test_001989,CLICK,elem_7a388ee1,
aac_mix_test_001990,CLICK,elem_b3fff51f,
aac_mix_test_001991,SELECT,elem_24457fab,-80 C
aac_mix_test_001992,CLICK,elem_142a6978,
aac_mix_test_001993,CLICK,elem_376d3df8,
aac_mix_test_001994,CLICK,elem_eee0eff5,
aac_mix_test_001995,SELECT,elem_a6bbeb6d,Refund offset
aac_mix_test_001996,CLICK,elem_e1001d80,
aac_mix_test_001997,SELECT,elem_e3d4bb62,GBP
aac_mix_test_001998,CLICK,elem_95d9fde2,
aac_mix_test_001999,CLICK,elem_1929b6a9,
aac_mix_test_002000,SELECT,elem_5806f427,Drip
aac_mix_test_002001,CLICK,elem_6eb7a099,
aac_mix_test_002002,CLICK,elem_074d1aa8,
aac_mix_test_002003,TYPE,elem_7e166406,Mina Wilson
aac_mix_test_002004,CLICK,elem_82eae921,
aac_mix_test_002005,CLICK,elem_d06449db,
aac_mix_test_002006,CLICK,elem_ef175c4b,
aac_mix_test_002007,CLICK,elem_cb96f0ca,
aac_mix_test_002008,CLICK,elem_87b989a2,
aac_mix_test_002009,TYPE,elem_69a71aaf,Harper
aac_mix_test_002010,SELECT,elem_b48a191f,High
aac_mix_test_002011,SELECT,elem_b6e252c0,Library renewal
aac_mix_test_002012,CLICK,elem_15949bc6,
aac_mix_test_002013,CLICK,elem_4876ae40,
aac_mix_test_002014,CLICK,elem_c6fde9ed,
aac_mix_test_002015,CLICK,elem_afafd3f3,
aac_mix_test_002016,SELECT,elem_14aca10b,0.50 mm
aac_mix_test_002017,CLICK,elem_75aa810d,
aac_mix_test_002018,CLICK,elem_1a9e0135,
aac_mix_test_002019,CLICK,elem_26b0772a,
aac_mix_test_002020,CLICK,elem_84e8194a,
aac_mix_test_002021,SELECT,elem_467b2d25,Low
aac_mix_test_002022,SELECT,elem_4bbeea8e,55% RH
aac_mix_test_002023,CLICK,elem_dfbd31a8,
aac_mix_test_002024,CLICK,elem_ed174138,
aac_mix_test_002025,SELECT,elem_3513bc1c,Green campus drive
aac_mix_test_002026,CLICK,elem_a19af226,
aac_mix_test_002027,TYPE,elem_33e3dc3a,May 10
aac_mix_test_002028,CLICK,elem_9af50401,
aac_mix_test_002029,CLICK,elem_0ff15600,
aac_mix_test_002030,SELECT,elem_37065ee9,Moderate
aac_mix_test_002031,CLICK,elem_ee8f7fbd,
aac_mix_test_002032,CLICK,elem_2ae8c887,
aac_mix_test_002033,CLICK,elem_da243d42,
aac_mix_test_002034,TYPE,elem_6c63dbb9,
aac_mix_test_002035,CLICK,elem_26cb8f8a,
aac_mix_test_002036,CLICK,elem_037db257,
aac_mix_test_002037,SELECT,elem_a7ed9d19,Staging
aac_mix_test_002038,CLICK,elem_95575cde,
aac_mix_test_002039,SELECT,elem_750ec24e,Partner feed
aac_mix_test_002040,CLICK,elem_33ee34df,
aac_mix_test_002041,CLICK,elem_9f1f0872,
aac_mix_test_002042,CLICK,elem_83c8c88e,
aac_mix_test_002043,CLICK,elem_bc7a1994,
aac_mix_test_002044,CLICK,elem_114b505c,
aac_mix_test_002045,SELECT,elem_3c19d774,SMS
aac_mix_test_002046,TYPE,elem_b6efab5f,Sora Lopez
aac_mix_test_002047,CLICK,elem_81d629f8,
aac_mix_test_002048,TYPE,elem_f42bb2a4,2026-09-14
aac_mix_test_002049,CLICK,elem_3633b2d7,
aac_mix_test_002050,TYPE,elem_ec1e1795,Hana
aac_mix_test_002051,SELECT,elem_145c0faa,GBP
aac_mix_test_002052,CLICK,elem_2dc0a9a2,
aac_mix_test_002053,SELECT,elem_b0a23fe2,Ridge line
aac_mix_test_002054,SELECT,elem_7908f29d,Pending review
aac_mix_test_002055,TYPE,elem_3f0c50db,Reese
aac_mix_test_002056,CLICK,elem_36eaf279,
aac_mix_test_002057,CLICK,elem_d3e9e6a4,
aac_mix_test_002058,TYPE,elem_7e202fbd,Tax credit
aac_mix_test_002059,SELECT,elem_7b0766b3,Finance
aac_mix_test_002060,CLICK,elem_ba949f06,
aac_mix_test_002061,CLICK,elem_9f55fe42,
aac_mix_test_002062,CLICK,elem_4b360b4d,
aac_mix_test_002063,SELECT,elem_238c5269,Storage
aac_mix_test_002064,CLICK,elem_18401b1d,
aac_mix_test_002065,TYPE,elem_4cb2692f,CLS-LR163
aac_mix_test_002066,SELECT,elem_35a3e237,Subscriber feed
aac_mix_test_002067,TYPE,elem_b730674f,sale
aac_mix_test_002068,CLICK,elem_1c9058ea,
aac_mix_test_002069,SELECT,elem_291ac942,CC-310
aac_mix_test_002070,CLICK,elem_3b72cfaf,
aac_mix_test_002071,SELECT,elem_ed4c0ecb,Sejong
aac_mix_test_002072,TYPE,elem_8533dc2f,Industry Laborer Worker
aac_mix_test_002073,TYPE,elem_13d9885d,debbie.wolowitz@bbt.com
aac_mix_test_002074,CLICK,elem_f8e4dc83,
aac_mix_test_002075,TYPE,elem_782f4f51,Jamie
aac_mix_test_002076,SELECT,elem_d8a9bf7d,EUR
aac_mix_test_002077,SELECT,elem_b8e38edf,Ready for edit
aac_mix_test_002078,CLICK,elem_55fbd94e,
aac_mix_test_002079,TYPE,elem_ea446201,2026-11-11
aac_mix_test_002080,TYPE,elem_70bee696,basil
aac_mix_test_002081,TYPE,elem_90d8cb2d,1234567
aac_mix_test_002082,CLICK,elem_343ff4f0,
aac_mix_test_002083,CLICK,elem_7a3a8063,
aac_mix_test_002084,SELECT,elem_43f628a6,Cafe corner
aac_mix_test_002085,CLICK,elem_93404a99,
aac_mix_test_002086,CLICK,elem_47f685aa,
aac_mix_test_002087,SELECT,elem_4a94c39a,Slack
aac_mix_test_002088,CLICK,elem_8b36835b,
aac_mix_test_002089,SELECT,elem_0fa7a95d,Fan noise
aac_mix_test_002090,CLICK,elem_be703d90,
aac_mix_test_002091,TYPE,elem_7aa53ff0,udipi
aac_mix_test_002092,CLICK,elem_265fb07a,
aac_mix_test_002093,SELECT,elem_59f66667,CC-310
aac_mix_test_002094,CLICK,elem_98fcedfd,
aac_mix_test_002095,TYPE,elem_ee238cef,Hana
aac_mix_test_002096,CLICK,elem_86bc91db,
aac_mix_test_002097,TYPE,elem_95e43f37,Emma Hall
aac_mix_test_002098,CLICK,elem_26bd5347,
aac_mix_test_002099,CLICK,elem_ebda825a,
aac_mix_test_002100,TYPE,elem_ea2caed5,Kendall
aac_mix_test_002101,TYPE,elem_8441c86c,oyster bay
aac_mix_test_002102,CLICK,elem_27e69476,
aac_mix_test_002103,TYPE,elem_a87070a8,"Wolowitz, Debbie"
aac_mix_test_002104,CLICK,elem_73220978,
aac_mix_test_002105,TYPE,elem_049e976a,New York jobs
aac_mix_test_002106,TYPE,elem_fc41ac2f,Partner breakfast
aac_mix_test_002107,CLICK,elem_bce306b8,
aac_mix_test_002108,TYPE,elem_c91b4251,2026-12-08
aac_mix_test_002109,CLICK,elem_3f4ea3f7,
aac_mix_test_002110,CLICK,elem_4170b1dc,
aac_mix_test_002111,CLICK,elem_9ec4e810,
aac_mix_test_002112,SELECT,elem_1ed74607,Contains soy
aac_mix_test_002113,CLICK,elem_6b852bff,
aac_mix_test_002114,CLICK,elem_df2e64f8,
aac_mix_test_002115,TYPE,elem_e6ec1ceb,Jordan
aac_mix_test_002116,CLICK,elem_2d5863df,
aac_mix_test_002117,TYPE,elem_8c3555ff,2026-12-02
aac_mix_test_002118,CLICK,elem_26629c67,
aac_mix_test_002119,CLICK,elem_ec8a7f53,
aac_mix_test_002120,CLICK,elem_ba8a6486,
aac_mix_test_002121,CLICK,elem_471866ee,
aac_mix_test_002122,TYPE,elem_89d07b53,Casey Martin
aac_mix_test_002123,CLICK,elem_9f64fb4d,
aac_mix_test_002124,CLICK,elem_6f7c229d,
aac_mix_test_002125,CLICK,elem_3321e808,
aac_mix_test_002126,SELECT,elem_99c3ce87,Queen
aac_mix_test_002127,TYPE,elem_24be8f22,Felix
aac_mix_test_002128,CLICK,elem_06098911,
aac_mix_test_002129,TYPE,elem_a2a022fc,2026-10-05
aac_mix_test_002130,CLICK,elem_3c3b4a41,
aac_mix_test_002131,CLICK,elem_e80c7d17,
aac_mix_test_002132,CLICK,elem_af5cbe8f,
aac_mix_test_002133,CLICK,elem_f5da8192,
aac_mix_test_002134,SELECT,elem_dd9ff057,High
aac_mix_test_002135,CLICK,elem_26ebac01,
aac_mix_test_002136,SELECT,elem_2973d56a,Critical
aac_mix_test_002137,CLICK,elem_daadbe38,
aac_mix_test_002138,CLICK,elem_62140e1c,
aac_mix_test_002139,SELECT,elem_45e99c2d,Voice call
aac_mix_test_002140,TYPE,elem_10fabc9c,CLS-UW603
aac_mix_test_002141,CLICK,elem_6aeb1d60,
aac_mix_test_002142,CLICK,elem_8f1f29f5,
aac_mix_test_002143,CLICK,elem_5a4d3a86,
aac_mix_test_002144,SELECT,elem_ca8c6fcf,SGD
aac_mix_test_002145,CLICK,elem_7ea178a3,
aac_mix_test_002146,CLICK,elem_a53cc167,
aac_mix_test_002147,CLICK,elem_81db4d2f,
aac_mix_test_002148,CLICK,elem_b43112b2,
aac_mix_test_002149,SELECT,elem_f00b8fa9,16
aac_mix_test_002150,SELECT,elem_896c8f3e,High
aac_mix_test_002151,CLICK,elem_cd9b2e67,
aac_mix_test_002152,CLICK,elem_27d2f37f,
aac_mix_test_002153,CLICK,elem_41d93ab5,
aac_mix_test_002154,CLICK,elem_8e4c5af0,
aac_mix_test_002155,CLICK,elem_0a012c69,
aac_mix_test_002156,CLICK,elem_9d9f71bf,
aac_mix_test_002157,CLICK,elem_d9c43f32,
aac_mix_test_002158,CLICK,elem_f3dfab87,
aac_mix_test_002159,CLICK,elem_c9c6c35f,
aac_mix_test_002160,CLICK,elem_83d7f785,
aac_mix_test_002161,SELECT,elem_3aa1359b,Trial extension
aac_mix_test_002162,TYPE,elem_86ed86f8,Rowan
aac_mix_test_002163,CLICK,elem_8b8a1aa2,
aac_mix_test_002164,SELECT,elem_e7f59013,Late night
aac_mix_test_002165,TYPE,elem_8a2c8992,Jamie Lewis
aac_mix_test_002166,CLICK,elem_ae627413,
aac_mix_test_002167,CLICK,elem_5b0bd09b,
aac_mix_test_002168,CLICK,elem_1707da4f,
aac_mix_test_002169,CLICK,elem_a0180005,
aac_mix_test_002170,TYPE,elem_51297c06,Parker
aac_mix_test_002171,CLICK,elem_1d639da3,
aac_mix_test_002172,TYPE,elem_979d1261,Jisoo
aac_mix_test_002173,CLICK,elem_e0c94667,
aac_mix_test_002174,CLICK,elem_0b7c33a7,
aac_mix_test_002175,CLICK,elem_cf434e52,
aac_mix_test_002176,SELECT,elem_ca87bc35,GBP
aac_mix_test_002177,CLICK,elem_73f8c9ee,
aac_mix_test_002178,CLICK,elem_2efeb7f0,
aac_mix_test_002179,CLICK,elem_a0faf842,
aac_mix_test_002180,CLICK,elem_65254094,
aac_mix_test_002181,CLICK,elem_3c563bb2,
aac_mix_test_002182,SELECT,elem_21dce8bb,SMS
aac_mix_test_002183,TYPE,elem_f3cb9e40,BED-88
aac_mix_test_002184,TYPE,elem_83f580f8,hot dogs
aac_mix_test_002185,CLICK,elem_3e309c71,
aac_mix_test_002186,CLICK,elem_8a7e4ba8,
aac_mix_test_002187,SELECT,elem_b622749f,Main feed
aac_mix_test_002188,CLICK,elem_813b2064,
aac_mix_test_002189,SELECT,elem_99ed2ac3,Enterprise
aac_mix_test_002190,CLICK,elem_9feeaf5a,
aac_mix_test_002191,SELECT,elem_51400094,14:30-16:30
aac_mix_test_002192,CLICK,elem_648dcdae,
aac_mix_test_002193,TYPE,elem_7411ad04,test@test.com
aac_mix_test_002194,CLICK,elem_7fcee520,
aac_mix_test_002195,TYPE,elem_d49f3aae,GRT-RT71501
aac_mix_test_002196,CLICK,elem_2af8b5e0,
aac_mix_test_002197,SELECT,elem_24d5ac05,Data Hall
aac_mix_test_002198,CLICK,elem_b9209c58,
aac_mix_test_002199,CLICK,elem_32c2d6bc,
aac_mix_test_002200,TYPE,elem_728f4f12,104
aac_mix_test_002201,CLICK,elem_27b05e1d,
aac_mix_test_002202,TYPE,elem_e5f02223,Venice Beach California
aac_mix_test_002203,CLICK,elem_ba6f904e,
aac_mix_test_002204,CLICK,elem_fbd9ae44,
aac_mix_test_002205,TYPE,elem_6ac1c7c8,ACCT-QY6211
aac_mix_test_002206,CLICK,elem_1ce137bd,
aac_mix_test_002207,TYPE,elem_67f04a27,977
aac_mix_test_002208,TYPE,elem_b0671075,Jisoo Miller
aac_mix_test_002209,CLICK,elem_7519a05e,
aac_mix_test_002210,SELECT,elem_f85a2d64,Cryogenic
aac_mix_test_002211,CLICK,elem_ffc3de74,
aac_mix_test_002212,CLICK,elem_169194b2,
aac_mix_test_002213,TYPE,elem_03a9ed1f,Jamie
aac_mix_test_002214,CLICK,elem_c7ee2f8d,
aac_mix_test_002215,TYPE,elem_abb2e5f8,BOT-VE158
aac_mix_test_002216,CLICK,elem_bc3fa58f,
aac_mix_test_002217,TYPE,elem_9eccfe5e,CLS-RA976
aac_mix_test_002218,TYPE,elem_e648b13f,buckeye.foobar@gmail.com
aac_mix_test_002219,TYPE,elem_d1679574,2026-11-26
aac_mix_test_002220,CLICK,elem_27c0b12d,
aac_mix_test_002221,TYPE,elem_5ff31c02,"Cincinnati, Ohio"
aac_mix_test_002222,CLICK,elem_3ea8e179,
aac_mix_test_002223,CLICK,elem_a5aa9914,
aac_mix_test_002224,SELECT,elem_4e08dc30,Baseline
aac_mix_test_002225,CLICK,elem_f876a71a,
aac_mix_test_002226,CLICK,elem_61654d42,
aac_mix_test_002227,CLICK,elem_9cc3aac0,
aac_mix_test_002228,CLICK,elem_221a9372,
aac_mix_test_002229,SELECT,elem_39e4e604,Pager
aac_mix_test_002230,CLICK,elem_60be7671,
aac_mix_test_002231,CLICK,elem_0f0df0c6,
aac_mix_test_002232,SELECT,elem_cc36210e,GBP
aac_mix_test_002233,TYPE,elem_47bc2385,CLS-PU659
aac_mix_test_002234,CLICK,elem_3f533503,
aac_mix_test_002235,CLICK,elem_f64fb1f8,
aac_mix_test_002236,CLICK,elem_3468732a,
aac_mix_test_002237,CLICK,elem_1a7d230c,
aac_mix_test_002238,CLICK,elem_b466c973,
aac_mix_test_002239,TYPE,elem_a4d66c10,The Alloy Room
aac_mix_test_002240,CLICK,elem_3d62c67c,
aac_mix_test_002241,TYPE,elem_787fe203,ACCT-FD6404
aac_mix_test_002242,SELECT,elem_26d53d4d,Canberra
aac_mix_test_002243,CLICK,elem_563a8d7c,
aac_mix_test_002244,TYPE,elem_59c433a1,2026-06-20
aac_mix_test_002245,SELECT,elem_bfad0a6c,Slack
aac_mix_test_002246,CLICK,elem_b54ee3a2,
aac_mix_test_002247,SELECT,elem_a7dabf8c,Ready for mix
aac_mix_test_002248,TYPE,elem_8948f3f9,Vista
aac_mix_test_002249,SELECT,elem_870f63f0,Library renewal
aac_mix_test_002250,CLICK,elem_d0efa343,
aac_mix_test_002251,TYPE,elem_f0ee7afa,ACCT-KM4293
aac_mix_test_002252,SELECT,elem_7342bab5,08:00-10:00
aac_mix_test_002253,CLICK,elem_7f5de18e,
aac_mix_test_002254,TYPE,elem_5fed56d2,ACCT-LV2884
aac_mix_test_002255,CLICK,elem_d73e67ed,
aac_mix_test_002256,TYPE,elem_bfd397bf,fading pigment
aac_mix_test_002257,CLICK,elem_c1aa118b,
aac_mix_test_002258,CLICK,elem_eefb7d14,
aac_mix_test_002259,SELECT,elem_eb77d569,Pending review
aac_mix_test_002260,TYPE,elem_1dad1996,DRN-LG5385
aac_mix_test_002261,CLICK,elem_24d85909,
aac_mix_test_002262,CLICK,elem_80a92aa6,
aac_mix_test_002263,TYPE,elem_3605e96e,john.davis@outlook.com
aac_mix_test_002264,CLICK,elem_6e00fb65,
aac_mix_test_002265,TYPE,elem_b1b2c36d,Jordan
aac_mix_test_002266,TYPE,elem_c8ce3e7e,12345678
aac_mix_test_002267,CLICK,elem_9be96ea5,
aac_mix_test_002268,CLICK,elem_2405554b,
aac_mix_test_002269,CLICK,elem_8bbf91f1,
aac_mix_test_002270,CLICK,elem_a6a49bf0,
aac_mix_test_002271,CLICK,elem_2f780303,
aac_mix_test_002272,CLICK,elem_ef649d82,
aac_mix_test_002273,TYPE,elem_af26c8b4,2026-11-11
aac_mix_test_002274,CLICK,elem_29cefdd4,
aac_mix_test_002275,TYPE,elem_b7615ace,Taylor Baker
aac_mix_test_002276,CLICK,elem_e54cdd99,
aac_mix_test_002277,CLICK,elem_3ef2adc5,
aac_mix_test_002278,TYPE,elem_26a0ea77,Quinn
aac_mix_test_002279,CLICK,elem_26a02e3a,
aac_mix_test_002280,SELECT,elem_2031fd55,Ready for mix
aac_mix_test_002281,CLICK,elem_f010d106,
aac_mix_test_002282,TYPE,elem_6ea79286,2026-11-14
aac_mix_test_002283,SELECT,elem_43e1a210,Critical
aac_mix_test_002284,CLICK,elem_f561bbdb,
aac_mix_test_002285,CLICK,elem_25f9d1e8,
aac_mix_test_002286,CLICK,elem_43098ade,
aac_mix_test_002287,TYPE,elem_9bcc2701,Noah Brown
aac_mix_test_002288,TYPE,elem_403946b3,B-189
aac_mix_test_002289,SELECT,elem_1748052a,Banquet
aac_mix_test_002290,CLICK,elem_f954a70b,
aac_mix_test_002291,SELECT,elem_84148782,Routine
aac_mix_test_002292,TYPE,elem_64b44dd2,blue
aac_mix_test_002293,SELECT,elem_f40d6dcd,Audit
aac_mix_test_002294,TYPE,elem_dab84feb,Kite
aac_mix_test_002295,CLICK,elem_1b201c0e,
aac_mix_test_002296,CLICK,elem_1f612cb0,
aac_mix_test_002297,TYPE,elem_f533e22c,Metric Stories
aac_mix_test_002298,TYPE,elem_2e1a2390,Marcus
aac_mix_test_002299,TYPE,elem_aeac26ce,D-313
aac_mix_test_002300,CLICK,elem_5ec9f288,
aac_mix_test_002301,CLICK,elem_643dc0f5,
aac_mix_test_002302,TYPE,elem_474b34b5,2026-08-17
aac_mix_test_002303,TYPE,elem_16a0f887,Avery
aac_mix_test_002304,CLICK,elem_f7489706,
aac_mix_test_002305,SELECT,elem_442c1eec,Scholar access
aac_mix_test_002306,TYPE,elem_7e5c5347,New York
aac_mix_test_002307,CLICK,elem_8f8e971d,
aac_mix_test_002308,CLICK,elem_19837e98,
aac_mix_test_002309,TYPE,elem_378e19b0,2026-12-26
aac_mix_test_002310,CLICK,elem_3b925179,
aac_mix_test_002311,SELECT,elem_a5f3b81d,Research
aac_mix_test_002312,CLICK,elem_182c2cf7,
aac_mix_test_002313,CLICK,elem_5270f4f4,
aac_mix_test_002314,TYPE,elem_91ec7bf5,2026-07-11
aac_mix_test_002315,CLICK,elem_548005cf,
aac_mix_test_002316,CLICK,elem_85dcb0dc,
aac_mix_test_002317,CLICK,elem_79415e75,
aac_mix_test_002318,CLICK,elem_46bc1790,
aac_mix_test_002319,CLICK,elem_80efba25,
aac_mix_test_002320,TYPE,elem_dc59e00e,Buckeye
aac_mix_test_002321,CLICK,elem_1a0b55f8,
aac_mix_test_002322,CLICK,elem_a274dc6b,
aac_mix_test_002323,SELECT,elem_2dd40e2e,10:00-12:00
aac_mix_test_002324,SELECT,elem_9ea75e93,Subscriber feed
aac_mix_test_002325,CLICK,elem_96ced3e2,
aac_mix_test_002326,SELECT,elem_fb9420ba,Medium
aac_mix_test_002327,CLICK,elem_6d8da327,
aac_mix_test_002328,CLICK,elem_61230923,
aac_mix_test_002329,SELECT,elem_c4b5c2c3,Employee
aac_mix_test_002330,SELECT,elem_3e29e681,Evening
aac_mix_test_002331,CLICK,elem_0f001d3d,
aac_mix_test_002332,CLICK,elem_270e789f,
aac_mix_test_002333,CLICK,elem_ac602fd1,
aac_mix_test_002334,TYPE,elem_ddab90d5,Avery Choi
aac_mix_test_002335,TYPE,elem_2a6739fb,132
aac_mix_test_002336,CLICK,elem_44c3f210,
aac_mix_test_002337,CLICK,elem_d035c214,
aac_mix_test_002338,TYPE,elem_626237d4,washington dc
aac_mix_test_002339,CLICK,elem_b061f385,
aac_mix_test_002340,CLICK,elem_131c5854,
aac_mix_test_002341,SELECT,elem_c8b23b45,B1
aac_mix_test_002342,TYPE,elem_a8039037,finance
aac_mix_test_002343,TYPE,elem_7f6d96b2,2
aac_mix_test_002344,TYPE,elem_e09f3c89,765
aac_mix_test_002345,CLICK,elem_bc856000,
aac_mix_test_002346,CLICK,elem_76735b73,
aac_mix_test_002347,CLICK,elem_60e1f1fd,
aac_mix_test_002348,TYPE,elem_19801490,Northstar
aac_mix_test_002349,TYPE,elem_7b5dc044,Maya
aac_mix_test_002350,CLICK,elem_b2485ccb,
aac_mix_test_002351,TYPE,elem_825bd38d,Jordan
aac_mix_test_002352,CLICK,elem_dc422956,
aac_mix_test_002353,SELECT,elem_7a92a470,Central
aac_mix_test_002354,CLICK,elem_bde414e1,
aac_mix_test_002355,CLICK,elem_e55cb935,
aac_mix_test_002356,CLICK,elem_6cfb6584,
aac_mix_test_002357,TYPE,elem_16758a1b,regional error spike
aac_mix_test_002358,CLICK,elem_b24474b5,
aac_mix_test_002359,TYPE,elem_3a1fe958,4-door suv
aac_mix_test_002360,CLICK,elem_83d7987a,
aac_mix_test_002361,CLICK,elem_a5f6217a,
aac_mix_test_002362,CLICK,elem_91a43c9b,
aac_mix_test_002363,SELECT,elem_a338cfb1,Low
aac_mix_test_002364,CLICK,elem_23e8730a,
aac_mix_test_002365,TYPE,elem_e3a33f8a,alfred
aac_mix_test_002366,TYPE,elem_2d1f7ddc,BED-26
aac_mix_test_002367,CLICK,elem_8c7a7139,
aac_mix_test_002368,SELECT,elem_868922eb,Ambient
aac_mix_test_002369,CLICK,elem_f5b84b39,
aac_mix_test_002370,CLICK,elem_309039b3,
aac_mix_test_002371,TYPE,elem_24a0bd00,Harper Hall
aac_mix_test_002372,CLICK,elem_06c07e56,
aac_mix_test_002373,CLICK,elem_535e2a01,
aac_mix_test_002374,CLICK,elem_a7376f3d,
aac_mix_test_002375,TYPE,elem_d30245b0,SHIP-JZ92767
aac_mix_test_002376,SELECT,elem_fb1465c9,Spring science fund
aac_mix_test_002377,SELECT,elem_62e34b1e,65
aac_mix_test_002378,CLICK,elem_830b8a68,
aac_mix_test_002379,CLICK,elem_bf5bbc63,
aac_mix_test_002380,CLICK,elem_2b8feb62,
aac_mix_test_002381,CLICK,elem_c9b8cafc,
aac_mix_test_002382,TYPE,elem_45454230,tofu
aac_mix_test_002383,TYPE,elem_adf658ad,Parker
aac_mix_test_002384,CLICK,elem_2014b371,
aac_mix_test_002385,TYPE,elem_b379e8f4,"74th street, brooklyn"
aac_mix_test_002386,SELECT,elem_af3a9e85,CC-104
aac_mix_test_002387,TYPE,elem_657dfed9,washington
aac_mix_test_002388,SELECT,elem_2523b8c0,2
aac_mix_test_002389,CLICK,elem_3d147a1d,
aac_mix_test_002390,CLICK,elem_37f32d47,
aac_mix_test_002391,TYPE,elem_80fcb2f4,Jisoo Singh
aac_mix_test_002392,CLICK,elem_80b37473,
aac_mix_test_002393,TYPE,elem_f9f32445,2026-11-23
aac_mix_test_002394,CLICK,elem_eb02d8d2,
aac_mix_test_002395,CLICK,elem_e23fc188,
aac_mix_test_002396,TYPE,elem_b0e87c52,Industry and Laborer Worker
aac_mix_test_002397,CLICK,elem_4305004c,
aac_mix_test_002398,CLICK,elem_2e987667,
aac_mix_test_002399,TYPE,elem_b8711dad,Haneul
aac_mix_test_002400,SELECT,elem_c661dc30,18:00-20:00
aac_mix_test_002401,CLICK,elem_10470731,
aac_mix_test_002402,SELECT,elem_c7204365,Expedite
aac_mix_test_002403,CLICK,elem_eb885386,
aac_mix_test_002404,SELECT,elem_0993c9e2,0.25 mm
aac_mix_test_002405,CLICK,elem_103c35ed,
aac_mix_test_002406,CLICK,elem_a94e5682,
aac_mix_test_002407,CLICK,elem_202033d1,
aac_mix_test_002408,CLICK,elem_c8000a6f,
aac_mix_test_002409,CLICK,elem_4727ddf8,
aac_mix_test_002410,CLICK,elem_13502737,
aac_mix_test_002411,CLICK,elem_77a24f65,
aac_mix_test_002412,CLICK,elem_842f8d98,
aac_mix_test_002413,SELECT,elem_0e423d29,Library renewal
aac_mix_test_002414,CLICK,elem_7a6fed21,
aac_mix_test_002415,SELECT,elem_9388da6e,Survey kit
aac_mix_test_002416,CLICK,elem_8cd5c0f7,
aac_mix_test_002417,CLICK,elem_d8015ae8,
aac_mix_test_002418,SELECT,elem_877c7ac0,Enterprise
aac_mix_test_002419,CLICK,elem_81ab764c,
aac_mix_test_002420,TYPE,elem_e3c8fc87,2026-10-17
aac_mix_test_002421,CLICK,elem_1c36a540,
aac_mix_test_002422,TYPE,elem_6d1e1a34,Evan
aac_mix_test_002423,TYPE,elem_df5a465f,1234567890
aac_mix_test_002424,TYPE,elem_578df39a,Nadia
aac_mix_test_002425,CLICK,elem_d13320e3,
aac_mix_test_002426,CLICK,elem_ab3a8810,
aac_mix_test_002427,TYPE,elem_e699b77e,258
aac_mix_test_002428,CLICK,elem_57a67f64,
aac_mix_test_002429,CLICK,elem_509849cc,
aac_mix_test_002430,CLICK,elem_10eac092,
aac_mix_test_002431,CLICK,elem_4c685d12,
aac_mix_test_002432,CLICK,elem_c8540b62,
aac_mix_test_002433,SELECT,elem_29b338b9,GBP
aac_mix_test_002434,TYPE,elem_8ab490b5,122
aac_mix_test_002435,TYPE,elem_9a1f634c,Jamie
aac_mix_test_002436,CLICK,elem_5e157788,
aac_mix_test_002437,CLICK,elem_79ea6d8b,
aac_mix_test_002438,SELECT,elem_b3a4e702,Urgent
aac_mix_test_002439,CLICK,elem_931ba62f,
aac_mix_test_002440,CLICK,elem_fff577d3,
aac_mix_test_002441,CLICK,elem_3940aa9d,
aac_mix_test_002442,CLICK,elem_c4452ec4,
aac_mix_test_002443,CLICK,elem_c5845d63,
aac_mix_test_002444,CLICK,elem_72cded80,
aac_mix_test_002445,TYPE,elem_f68c10a3,2026-07-05
aac_mix_test_002446,CLICK,elem_b9197364,
aac_mix_test_002447,SELECT,elem_68893874,Fan noise
aac_mix_test_002448,CLICK,elem_f0d2afcb,
aac_mix_test_002449,CLICK,elem_9c652ca1,
aac_mix_test_002450,TYPE,elem_4b10b7d4,stainless steel spoons
aac_mix_test_002451,CLICK,elem_18617099,
aac_mix_test_002452,SELECT,elem_e551387f,14:30-16:30
aac_mix_test_002453,CLICK,elem_69ef2e63,
aac_mix_test_002454,SELECT,elem_95a874e8,Low
aac_mix_test_002455,SELECT,elem_dab15348,Riverside
aac_mix_test_002456,SELECT,elem_a9cf2fb5,Temporary
aac_mix_test_002457,CLICK,elem_d47b2143,
aac_mix_test_002458,TYPE,elem_7e111be9,nintendo switch
aac_mix_test_002459,TYPE,elem_df5e0ee2,Priya Choi
aac_mix_test_002460,CLICK,elem_ff575588,
aac_mix_test_002461,CLICK,elem_ec38abaf,
aac_mix_test_002462,CLICK,elem_2cabf5b0,
aac_mix_test_002463,CLICK,elem_7b1fec41,
aac_mix_test_002464,SELECT,elem_19493278,Pending review
aac_mix_test_002465,CLICK,elem_f953ed82,
aac_mix_test_002466,CLICK,elem_d98c11a4,
aac_mix_test_002467,CLICK,elem_f3cae082,
aac_mix_test_002468,CLICK,elem_03b4fa83,
aac_mix_test_002469,TYPE,elem_de2960d3,Quinn Miller
aac_mix_test_002470,CLICK,elem_42ff86f7,
aac_mix_test_002471,CLICK,elem_3673812e,
aac_mix_test_002472,TYPE,elem_b2cc271f,BK-WU77845
aac_mix_test_002473,TYPE,elem_b975af97,Taylor Lee
aac_mix_test_002474,SELECT,elem_c21cd76d,SGD
aac_mix_test_002475,CLICK,elem_c612b4c3,
aac_mix_test_002476,TYPE,elem_f7971cd8,2026-05-05
aac_mix_test_002477,TYPE,elem_77303396,Taylor
aac_mix_test_002478,TYPE,elem_d2b5ac5c,ITM-MU0236
aac_mix_test_002479,CLICK,elem_8a9b0ffe,
aac_mix_test_002480,TYPE,elem_bbbda8bc,2026-10-20
aac_mix_test_002481,SELECT,elem_abd8b57f,MSA
aac_mix_test_002482,CLICK,elem_7be3567e,
aac_mix_test_002483,CLICK,elem_ac2de29a,
aac_mix_test_002484,CLICK,elem_566775f5,
aac_mix_test_002485,CLICK,elem_47334bd9,
aac_mix_test_002486,CLICK,elem_3964ac86,
aac_mix_test_002487,SELECT,elem_7651c0c0,KRW
aac_mix_test_002488,CLICK,elem_9ba35594,
aac_mix_test_002489,CLICK,elem_20663138,
aac_mix_test_002490,TYPE,elem_176efb15,2026-06-26
aac_mix_test_002491,CLICK,elem_ed6dd4c1,
aac_mix_test_002492,CLICK,elem_631a23e6,
aac_mix_test_002493,CLICK,elem_1e20ae7d,
aac_mix_test_002494,CLICK,elem_d6d0aef3,
aac_mix_test_002495,CLICK,elem_ff7ae761,
aac_mix_test_002496,CLICK,elem_667ee618,
aac_mix_test_002497,CLICK,elem_2802e7f3,
aac_mix_test_002498,TYPE,elem_2f71a575,2026-11-26
aac_mix_test_002499,SELECT,elem_94a65cd9,S-band
aac_mix_test_002500,CLICK,elem_2bfccb48,
aac_mix_test_002501,TYPE,elem_11704122,Joe Smith
aac_mix_test_002502,CLICK,elem_5876cf32,
aac_mix_test_002503,CLICK,elem_209a0547,
aac_mix_test_002504,SELECT,elem_2eac8d80,Ka-band
aac_mix_test_002505,CLICK,elem_5dc418fe,
aac_mix_test_002506,CLICK,elem_707434b6,
aac_mix_test_002507,CLICK,elem_33aba988,
aac_mix_test_002508,CLICK,elem_be00b36d,
aac_mix_test_002509,CLICK,elem_5b7bb38c,
aac_mix_test_002510,CLICK,elem_5687927e,
aac_mix_test_002511,SELECT,elem_8d371ac8,QC passed
aac_mix_test_002512,TYPE,elem_7a6cea7b,Hidden Switches
aac_mix_test_002513,TYPE,elem_9892d551,185
aac_mix_test_002514,TYPE,elem_6bec0806,Hana
aac_mix_test_002515,TYPE,elem_789d1b05,Avery
aac_mix_test_002516,CLICK,elem_2345603d,
aac_mix_test_002517,SELECT,elem_358e17b6,Starter
aac_mix_test_002518,SELECT,elem_f9574dfe,Expired income proof
aac_mix_test_002519,TYPE,elem_c9f908d7,BED-20
aac_mix_test_002520,SELECT,elem_b90d6866,Contains nuts
aac_mix_test_002521,TYPE,elem_79731e12,SHIP-PB40931
aac_mix_test_002522,CLICK,elem_6bce80bf,
aac_mix_test_002523,CLICK,elem_02a27877,
aac_mix_test_002524,CLICK,elem_82f44503,
aac_mix_test_002525,SELECT,elem_67b05651,Shop by budget
aac_mix_test_002526,TYPE,elem_cf789e28,2026-05-26
aac_mix_test_002527,SELECT,elem_2f680602,VHF
aac_mix_test_002528,CLICK,elem_e2a125fe,
aac_mix_test_002529,CLICK,elem_24124af3,
aac_mix_test_002530,TYPE,elem_e7a8dd37,Vista
aac_mix_test_002531,TYPE,elem_18b19d81,New York
aac_mix_test_002532,CLICK,elem_361db360,
aac_mix_test_002533,TYPE,elem_7ca50522,2026-12-17
aac_mix_test_002534,CLICK,elem_dc8198f1,
aac_mix_test_002535,CLICK,elem_a29b7c03,
aac_mix_test_002536,CLICK,elem_ff62be27,
aac_mix_test_002537,TYPE,elem_8f26e4b7,BED-59
aac_mix_test_002538,CLICK,elem_5b68bfa1,
aac_mix_test_002539,CLICK,elem_9f1e0774,
aac_mix_test_002540,TYPE,elem_e8f6af04,Liam
aac_mix_test_002541,CLICK,elem_46528659,
aac_mix_test_002542,CLICK,elem_57a4e2ed,
aac_mix_test_002543,CLICK,elem_c383bc4d,
aac_mix_test_002544,CLICK,elem_54570b9b,
aac_mix_test_002545,CLICK,elem_91d85d9a,
aac_mix_test_002546,CLICK,elem_1fc0c4e6,
aac_mix_test_002547,TYPE,elem_6b7420e6,ACCT-RY5717
aac_mix_test_002548,CLICK,elem_98b84abb,
aac_mix_test_002549,TYPE,elem_80aba94e,Times Square wheelchair accessible parking lots
aac_mix_test_002550,CLICK,elem_00f82178,
aac_mix_test_002551,SELECT,elem_a363b8db,Theater
aac_mix_test_002552,CLICK,elem_138570c4,
aac_mix_test_002553,CLICK,elem_673e7318,
aac_mix_test_002554,CLICK,elem_31d2dbce,
aac_mix_test_002555,CLICK,elem_bd963415,
aac_mix_test_002556,CLICK,elem_7061a3ba,
aac_mix_test_002557,TYPE,elem_7e80b4a4,los angeles
aac_mix_test_002558,SELECT,elem_5a423bd7,Low
aac_mix_test_002559,CLICK,elem_06a903c3,
aac_mix_test_002560,CLICK,elem_7e5678d7,
aac_mix_test_002561,CLICK,elem_e7461a2b,
aac_mix_test_002562,CLICK,elem_f9de8ccf,
aac_mix_test_002563,SELECT,elem_b676f7e3,High
aac_mix_test_002564,CLICK,elem_22e19244,
aac_mix_test_002565,CLICK,elem_a3677dc8,
aac_mix_test_002566,CLICK,elem_214b8b4a,
aac_mix_test_002567,TYPE,elem_f499620d,2026-06-11
aac_mix_test_002568,CLICK,elem_5795d3fc,
aac_mix_test_002569,CLICK,elem_40a8af9c,
aac_mix_test_002570,TYPE,elem_2841a142,DPA
aac_mix_test_002571,CLICK,elem_e2db314c,
aac_mix_test_002572,CLICK,elem_80dfbf65,
aac_mix_test_002573,CLICK,elem_5beaba4e,
aac_mix_test_002574,CLICK,elem_8ae13722,
aac_mix_test_002575,SELECT,elem_199512d4,Ka-band
aac_mix_test_002576,SELECT,elem_7ef49eb4,X-band
aac_mix_test_002577,TYPE,elem_40a8c360,GRT-VY89045
aac_mix_test_002578,CLICK,elem_584f6371,
aac_mix_test_002579,CLICK,elem_5954bc20,
aac_mix_test_002580,CLICK,elem_2b6d5914,
aac_mix_test_002581,TYPE,elem_a3ad9991,new york knicks game april 9
aac_mix_test_002582,CLICK,elem_69194d97,
aac_mix_test_002583,CLICK,elem_95806e60,
aac_mix_test_002584,SELECT,elem_78b96a82,34%
aac_mix_test_002585,CLICK,elem_6a26f6f3,
aac_mix_test_002586,TYPE,elem_b78e689b,Rowan
aac_mix_test_002587,CLICK,elem_0338e4c9,
aac_mix_test_002588,SELECT,elem_d534ca88,MSA
aac_mix_test_002589,SELECT,elem_97985cc8,Medium
aac_mix_test_002590,CLICK,elem_a50b2ea4,
aac_mix_test_002591,TYPE,elem_79052195,ACCT-JJ5983
aac_mix_test_002592,TYPE,elem_adb4ae36,2026-12-02
aac_mix_test_002593,CLICK,elem_4c0b698f,
aac_mix_test_002594,SELECT,elem_3a412cdc,GBP
aac_mix_test_002595,TYPE,elem_adcf5b57,Rowan
aac_mix_test_002596,TYPE,elem_ce96346a,Priya
aac_mix_test_002597,TYPE,elem_d41749c0,Olivia
aac_mix_test_002598,TYPE,elem_350b6e7c,Cobalt
aac_mix_test_002599,TYPE,elem_f973126b,sesame
aac_mix_test_002600,SELECT,elem_c2304563,Tank 7
aac_mix_test_002601,CLICK,elem_d8e216e9,
aac_mix_test_002602,CLICK,elem_6fa85dd7,
aac_mix_test_002603,TYPE,elem_a3bd8406,2026-09-08
aac_mix_test_002604,CLICK,elem_4d198d11,
aac_mix_test_002605,CLICK,elem_ac4c3a1a,
aac_mix_test_002606,CLICK,elem_a2a2d50f,
aac_mix_test_002607,CLICK,elem_679addeb,
aac_mix_test_002608,TYPE,elem_916ba012,Quinn Garcia
aac_mix_test_002609,CLICK,elem_c6f2a87f,
aac_mix_test_002610,SELECT,elem_2484c143,Green campus drive
aac_mix_test_002611,CLICK,elem_6550f4d4,
aac_mix_test_002612,TYPE,elem_3d3e71e6,basil
aac_mix_test_002613,CLICK,elem_a7a11203,
aac_mix_test_002614,TYPE,elem_200b131c,Taylor
aac_mix_test_002615,CLICK,elem_ac5abb85,
aac_mix_test_002616,TYPE,elem_91b35098,ITM-WA0009
aac_mix_test_002617,TYPE,elem_bc8ef164,Mina
aac_mix_test_002618,CLICK,elem_0985045f,
aac_mix_test_002619,CLICK,elem_43af398a,
aac_mix_test_002620,TYPE,elem_1365bcfc,Marcus
aac_mix_test_002621,SELECT,elem_7141e9e4,X-axis
aac_mix_test_002622,SELECT,elem_8496c0fc,Ridge line
aac_mix_test_002623,CLICK,elem_80b98ecf,
aac_mix_test_002624,CLICK,elem_956cd8aa,
aac_mix_test_002625,TYPE,elem_7c2c31d3,ITM-QX4733
aac_mix_test_002626,CLICK,elem_16dadd87,
aac_mix_test_002627,SELECT,elem_2f89fdc4,High
aac_mix_test_002628,CLICK,elem_d2e0b439,
aac_mix_test_002629,CLICK,elem_2542d4ed,
aac_mix_test_002630,CLICK,elem_11c6a059,
aac_mix_test_002631,TYPE,elem_ecba4bbb,BED-48
aac_mix_test_002632,TYPE,elem_e5c455c9,belo horizonte
aac_mix_test_002633,TYPE,elem_eb1a5630,denise.bloom@bbt.com
aac_mix_test_002634,CLICK,elem_a4458e97,
aac_mix_test_002635,CLICK,elem_8b422b76,
aac_mix_test_002636,SELECT,elem_e2e6292e,Ambient
aac_mix_test_002637,CLICK,elem_2a0e8391,
aac_mix_test_002638,CLICK,elem_6ba7bc01,
aac_mix_test_002639,CLICK,elem_3d1dcc08,
aac_mix_test_002640,SELECT,elem_483a3a6b,SOW
aac_mix_test_002641,TYPE,elem_0c03d844,kale
aac_mix_test_002642,CLICK,elem_08130af6,
aac_mix_test_002643,CLICK,elem_363209c4,
aac_mix_test_002644,SELECT,elem_8214e7ec,0.05 mm
aac_mix_test_002645,CLICK,elem_9d645548,
aac_mix_test_002646,CLICK,elem_22f355a7,
aac_mix_test_002647,TYPE,elem_aaff19bb,blueberry
aac_mix_test_002648,CLICK,elem_016202a7,
aac_mix_test_002649,TYPE,elem_7a5d14bd,922
aac_mix_test_002650,CLICK,elem_551c4da2,
aac_mix_test_002651,CLICK,elem_7525914e,
aac_mix_test_002652,CLICK,elem_9c54f80b,
aac_mix_test_002653,CLICK,elem_0c8c3c34,
aac_mix_test_002654,CLICK,elem_722e2f34,
aac_mix_test_002655,TYPE,elem_98fbcd60,Maya
aac_mix_test_002656,CLICK,elem_d738b941,
aac_mix_test_002657,SELECT,elem_d2e876dc,0.05 mm
aac_mix_test_002658,CLICK,elem_8fc6fe5b,
aac_mix_test_002659,CLICK,elem_0d1f64d8,
aac_mix_test_002660,CLICK,elem_44717215,
aac_mix_test_002661,TYPE,elem_d2dd904a,2026-08-05
aac_mix_test_002662,CLICK,elem_7211ca7f,
aac_mix_test_002663,CLICK,elem_4b7195b8,
aac_mix_test_002664,CLICK,elem_3ddfdac9,
aac_mix_test_002665,TYPE,elem_a4fce270,51
aac_mix_test_002666,CLICK,elem_61a6f154,
aac_mix_test_002667,SELECT,elem_747f48b8,2-8 C
aac_mix_test_002668,SELECT,elem_40247ff1,High
aac_mix_test_002669,CLICK,elem_393ea699,
aac_mix_test_002670,SELECT,elem_04b3776c,1:00 PM
aac_mix_test_002671,CLICK,elem_4fe64971,
aac_mix_test_002672,TYPE,elem_2406c48e,Faro
aac_mix_test_002673,CLICK,elem_fb593f2e,
aac_mix_test_002674,TYPE,elem_fdb92d29,Felix
aac_mix_test_002675,CLICK,elem_580356ce,
aac_mix_test_002676,TYPE,elem_b17bd8cd,Iris
aac_mix_test_002677,TYPE,elem_39cc0d1a,Faro
aac_mix_test_002678,SELECT,elem_131ee581,Needs revision
aac_mix_test_002679,CLICK,elem_5cc9230b,
aac_mix_test_002680,SELECT,elem_b45a28cd,Billing queue
aac_mix_test_002681,TYPE,elem_7bac5857,Olivia
aac_mix_test_002682,CLICK,elem_a4485180,
aac_mix_test_002683,CLICK,elem_6eed43b9,
aac_mix_test_002684,CLICK,elem_e3de7a6f,
aac_mix_test_002685,TYPE,elem_bd06311c,New York
aac_mix_test_002686,TYPE,elem_3b2897b8,machine-washable
aac_mix_test_002687,CLICK,elem_a7d2f6d7,
aac_mix_test_002688,CLICK,elem_6720a769,
aac_mix_test_002689,TYPE,elem_7f650c4b,CLS-XH223
aac_mix_test_002690,TYPE,elem_eb79b779,Olivia Garcia
aac_mix_test_002691,TYPE,elem_c6f26466,Casey Wilson
aac_mix_test_002692,TYPE,elem_bbd595a5,Paris
aac_mix_test_002693,SELECT,elem_885c0b28,Z-axis
aac_mix_test_002694,SELECT,elem_499a608d,Canal east
aac_mix_test_002695,TYPE,elem_11f393e6,2026-08-20
aac_mix_test_002696,TYPE,elem_c6331ba6,Priya
aac_mix_test_002697,CLICK,elem_43a08e51,
aac_mix_test_002698,CLICK,elem_8a304691,
aac_mix_test_002699,CLICK,elem_2fed4377,
aac_mix_test_002700,CLICK,elem_375c1932,
aac_mix_test_002701,CLICK,elem_93e1894a,
aac_mix_test_002702,CLICK,elem_6301b362,
aac_mix_test_002703,CLICK,elem_f58e6200,
aac_mix_test_002704,CLICK,elem_a4e5dc95,
aac_mix_test_002705,CLICK,elem_6056fac4,
aac_mix_test_002706,CLICK,elem_8261701c,
aac_mix_test_002707,TYPE,elem_bb2c232b,62
aac_mix_test_002708,CLICK,elem_6a357878,
aac_mix_test_002709,CLICK,elem_87dea418,
aac_mix_test_002710,TYPE,elem_7cb9d550,token refresh errors
aac_mix_test_002711,SELECT,elem_d9df12a3,Urgent
aac_mix_test_002712,TYPE,elem_306150db,cache-30
aac_mix_test_002713,TYPE,elem_91704b3c,pepper
aac_mix_test_002714,CLICK,elem_cc2dfaf2,
aac_mix_test_002715,CLICK,elem_715b88d2,
aac_mix_test_002716,CLICK,elem_f8dc05ab,
aac_mix_test_002717,CLICK,elem_54edf2a6,
aac_mix_test_002718,TYPE,elem_b095c103,Jamie Wilson
aac_mix_test_002719,TYPE,elem_27b0619c,Stewart Bloom
aac_mix_test_002720,TYPE,elem_849a2101,Drew
aac_mix_test_002721,SELECT,elem_75fe9e47,16:00-18:00
aac_mix_test_002722,CLICK,elem_e8919545,
aac_mix_test_002723,TYPE,elem_504c8642,2026-06-26
aac_mix_test_002724,SELECT,elem_8567b19a,Employee
aac_mix_test_002725,CLICK,elem_b2925c4c,
aac_mix_test_002726,CLICK,elem_79becaec,
aac_mix_test_002727,CLICK,elem_e78430ce,
aac_mix_test_002728,CLICK,elem_82994bca,
aac_mix_test_002729,SELECT,elem_9138e15e,Ambient
aac_mix_test_002730,SELECT,elem_b8d24772,S-band
aac_mix_test_002731,TYPE,elem_bd0036b9,6000
aac_mix_test_002732,CLICK,elem_0a8c87f6,
aac_mix_test_002733,CLICK,elem_11865f51,
aac_mix_test_002734,CLICK,elem_4d80e951,
aac_mix_test_002735,CLICK,elem_e36dd8f1,
aac_mix_test_002736,SELECT,elem_7bb29b57,22%
aac_mix_test_002737,CLICK,elem_8e15533e,
aac_mix_test_002738,CLICK,elem_77f60079,
aac_mix_test_002739,TYPE,elem_496b913f,June 2023
aac_mix_test_002740,CLICK,elem_5ecf3cd6,
aac_mix_test_002741,CLICK,elem_972d23a5,
aac_mix_test_002742,TYPE,elem_a2cea704,Iris Singh
aac_mix_test_002743,CLICK,elem_c909b6b2,
aac_mix_test_002744,CLICK,elem_d44a160c,
aac_mix_test_002745,TYPE,elem_1ffc5466,Jordan
aac_mix_test_002746,CLICK,elem_212d0f23,
aac_mix_test_002747,TYPE,elem_06bfdb17,2026-06-11
aac_mix_test_002748,CLICK,elem_2900776c,
aac_mix_test_002749,SELECT,elem_fe9ec58b,Wrist roll
aac_mix_test_002750,SELECT,elem_4b8b3ab7,Failure analysis
aac_mix_test_002751,CLICK,elem_85e7abfd,
aac_mix_test_002752,CLICK,elem_9b822e52,
aac_mix_test_002753,TYPE,elem_126feb94,Sightseeing trip India June
aac_mix_test_002754,CLICK,elem_0cc37626,
aac_mix_test_002755,SELECT,elem_6f5c4e88,Rack Delta
aac_mix_test_002756,CLICK,elem_32b87f7a,
aac_mix_test_002757,CLICK,elem_aee10ff2,
aac_mix_test_002758,CLICK,elem_5d99d3a7,
aac_mix_test_002759,CLICK,elem_76d28d28,
aac_mix_test_002760,CLICK,elem_0f58b374,
aac_mix_test_002761,TYPE,elem_6224d0ac,Priya Brown
aac_mix_test_002762,SELECT,elem_8e27a8ed,Daejeon
aac_mix_test_002763,SELECT,elem_8adcc58d,Low
aac_mix_test_002764,CLICK,elem_d4808677,
aac_mix_test_002765,SELECT,elem_ec49f346,18:00-20:00
aac_mix_test_002766,SELECT,elem_855f8bb6,Firmware mismatch
aac_mix_test_002767,CLICK,elem_7b74ca48,
aac_mix_test_002768,CLICK,elem_2b0249c5,
aac_mix_test_002769,SELECT,elem_459ad9a6,2017
aac_mix_test_002770,CLICK,elem_4a003c4f,
aac_mix_test_002771,CLICK,elem_f4726e23,
aac_mix_test_002772,TYPE,elem_f5c84e65,mint
aac_mix_test_002773,CLICK,elem_ab2c321a,
aac_mix_test_002774,CLICK,elem_44881b55,
aac_mix_test_002775,CLICK,elem_2957145a,
aac_mix_test_002776,CLICK,elem_e0a19474,
aac_mix_test_002777,TYPE,elem_6b2b7ffb,Orbit Components
aac_mix_test_002778,TYPE,elem_ca4d7dae,New York
aac_mix_test_002779,SELECT,elem_c8b133e8,Medium
aac_mix_test_002780,CLICK,elem_a9a2efcf,
aac_mix_test_002781,SELECT,elem_757111fb,Staging
aac_mix_test_002782,CLICK,elem_e1c0ed20,
aac_mix_test_002783,CLICK,elem_7e262555,
aac_mix_test_002784,CLICK,elem_252de437,
aac_mix_test_002785,SELECT,elem_b18481d4,Vault 2
aac_mix_test_002786,SELECT,elem_543a5de0,B1
aac_mix_test_002787,TYPE,elem_a5b0cc1c,Rowan
aac_mix_test_002788,CLICK,elem_8afc484f,
aac_mix_test_002789,CLICK,elem_531a6a4e,
aac_mix_test_002790,CLICK,elem_3d45bfb4,
aac_mix_test_002791,CLICK,elem_b68d570a,
aac_mix_test_002792,CLICK,elem_19a32e03,
aac_mix_test_002793,TYPE,elem_c0bd6009,Theo Martin
aac_mix_test_002794,CLICK,elem_bde7e083,
aac_mix_test_002795,CLICK,elem_6f5757ac,
aac_mix_test_002796,CLICK,elem_49a674e0,
aac_mix_test_002797,TYPE,elem_c2b8309a,Drew
aac_mix_test_002798,CLICK,elem_09c6750c,
aac_mix_test_002799,CLICK,elem_1bd18a5a,
aac_mix_test_002800,CLICK,elem_f7cc9fa5,
aac_mix_test_002801,CLICK,elem_8f363bb4,
aac_mix_test_002802,CLICK,elem_1c2e49c7,
aac_mix_test_002803,CLICK,elem_f83d2042,
aac_mix_test_002804,CLICK,elem_4e613264,
aac_mix_test_002805,TYPE,elem_3bb14f27,10017
aac_mix_test_002806,SELECT,elem_5fa61e5f,Audit
aac_mix_test_002807,SELECT,elem_40f53db9,Expedite
aac_mix_test_002808,CLICK,elem_82a4a9d7,
aac_mix_test_002809,CLICK,elem_ef2cc852,
aac_mix_test_002810,CLICK,elem_cce01294,
aac_mix_test_002811,SELECT,elem_fdf7407f,Voice call
aac_mix_test_002812,TYPE,elem_1e9a353e,2026-08-17
aac_mix_test_002813,CLICK,elem_bd0f61ae,
aac_mix_test_002814,TYPE,elem_cf5c692a,Nimbus
aac_mix_test_002815,CLICK,elem_7abd112d,
aac_mix_test_002816,CLICK,elem_e41a6086,
aac_mix_test_002817,SELECT,elem_3a661988,High
aac_mix_test_002818,SELECT,elem_723e588e,JPY
aac_mix_test_002819,TYPE,elem_e26d1c15,Drew
aac_mix_test_002820,CLICK,elem_f55fa4dd,
aac_mix_test_002821,CLICK,elem_3e6ce62f,
aac_mix_test_002822,CLICK,elem_744d64bf,
aac_mix_test_002823,CLICK,elem_e3f17bca,
aac_mix_test_002824,CLICK,elem_c582471d,
aac_mix_test_002825,CLICK,elem_907ee0d3,
aac_mix_test_002826,SELECT,elem_c616620a,Legal
aac_mix_test_002827,TYPE,elem_f52e82a4,Auckland Airport
aac_mix_test_002828,CLICK,elem_e8ca2394,
aac_mix_test_002829,TYPE,elem_f967d364,C-607
aac_mix_test_002830,TYPE,elem_720f86ab,BK-WZ97740
aac_mix_test_002831,CLICK,elem_739718c6,
aac_mix_test_002832,CLICK,elem_4d1bc88c,
aac_mix_test_002833,TYPE,elem_59f3154e,Jamie Park
aac_mix_test_002834,CLICK,elem_4858629b,
aac_mix_test_002835,CLICK,elem_00089943,
aac_mix_test_002836,TYPE,elem_31a40170,SHIP-CA90998
aac_mix_test_002837,CLICK,elem_2ce7ccab,
aac_mix_test_002838,TYPE,elem_354c1323,Marcus Wilson
aac_mix_test_002839,SELECT,elem_d1e69e46,Routine
aac_mix_test_002840,CLICK,elem_6778cb97,
aac_mix_test_002841,CLICK,elem_3103429c,
aac_mix_test_002842,TYPE,elem_ef4952ca,"Dallas, TX"
aac_mix_test_002843,CLICK,elem_3ba07a22,
aac_mix_test_002844,CLICK,elem_e9f3be4a,
aac_mix_test_002845,TYPE,elem_97f1bb71,tea
aac_mix_test_002846,TYPE,elem_330680ac,Felix Kim
aac_mix_test_002847,CLICK,elem_020f42ad,
aac_mix_test_002848,TYPE,elem_e28b0794,2026-08-05
aac_mix_test_002849,CLICK,elem_669cb168,
aac_mix_test_002850,CLICK,elem_6c1f5bdb,
aac_mix_test_002851,SELECT,elem_5e1186c0,Fair
aac_mix_test_002852,CLICK,elem_7d14f3e6,
aac_mix_test_002853,TYPE,elem_f0ff0cdb,Olivia
aac_mix_test_002854,CLICK,elem_1649775f,
aac_mix_test_002855,CLICK,elem_6f33370a,
aac_mix_test_002856,CLICK,elem_aaee4d32,
aac_mix_test_002857,CLICK,elem_e40971bf,
aac_mix_test_002858,CLICK,elem_a6e0316e,
aac_mix_test_002859,TYPE,elem_834647ba,Sora
aac_mix_test_002860,TYPE,elem_590e03f0,612
aac_mix_test_002861,SELECT,elem_2e3d1415,SGD
aac_mix_test_002862,CLICK,elem_64418d9f,
aac_mix_test_002863,TYPE,elem_7ff513c6,Kendall Nguyen
aac_mix_test_002864,SELECT,elem_88881fea,09:30-11:30
aac_mix_test_002865,CLICK,elem_3c085d0c,
aac_mix_test_002866,CLICK,elem_fc6240ee,
aac_mix_test_002867,CLICK,elem_82dab37f,
aac_mix_test_002868,CLICK,elem_36a45dcf,
aac_mix_test_002869,SELECT,elem_5ee7b0aa,vi-VN
aac_mix_test_002870,TYPE,elem_40fa885b,2026-05-02
aac_mix_test_002871,TYPE,elem_dd3210a6,api-52
aac_mix_test_002872,CLICK,elem_7b224765,
aac_mix_test_002873,CLICK,elem_5ad5d785,
aac_mix_test_002874,TYPE,elem_c93f176b,Olivia Garcia
aac_mix_test_002875,TYPE,elem_9072da46,2026-11-08
aac_mix_test_002876,CLICK,elem_88b475e3,
aac_mix_test_002877,SELECT,elem_7db15359,Expired income proof
aac_mix_test_002878,SELECT,elem_a8611544,09:30-11:30
aac_mix_test_002879,CLICK,elem_4886e43b,
aac_mix_test_002880,CLICK,elem_718366d7,
aac_mix_test_002881,SELECT,elem_664ef316,Cleaning
aac_mix_test_002882,CLICK,elem_6ae5690c,
aac_mix_test_002883,TYPE,elem_d7c1fc1a,10018
aac_mix_test_002884,TYPE,elem_4ebb5fa8,20 years old
aac_mix_test_002885,TYPE,elem_6083e8f8,ACCT-VE5117
aac_mix_test_002886,CLICK,elem_02ee757e,
aac_mix_test_002887,TYPE,elem_4817d4d5,128
aac_mix_test_002888,CLICK,elem_7c636353,
aac_mix_test_002889,SELECT,elem_5f260054,Rack North
aac_mix_test_002890,SELECT,elem_3394585c,Moderate
aac_mix_test_002891,TYPE,elem_d5c60e03,ricky kej
aac_mix_test_002892,CLICK,elem_2c44aadb,
aac_mix_test_002893,SELECT,elem_61c26a9e,100 Miles
aac_mix_test_002894,TYPE,elem_5461a37e,Emma Allen
aac_mix_test_002895,SELECT,elem_ba6b1de2,11:00 AM - 12:00 PM
aac_mix_test_002896,CLICK,elem_e6b5077e,
aac_mix_test_002897,TYPE,elem_0480f427,Theo
aac_mix_test_002898,SELECT,elem_8eea4508,18:00-20:00
aac_mix_test_002899,TYPE,elem_325ef32c,SAT-EX5716
aac_mix_test_002900,TYPE,elem_ff74b066,api-86
aac_mix_test_002901,CLICK,elem_3aa02481,
aac_mix_test_002902,CLICK,elem_bd3837ca,
aac_mix_test_002903,CLICK,elem_07c3d85d,
aac_mix_test_002904,CLICK,elem_062a995b,
aac_mix_test_002905,SELECT,elem_3e5cfe76,Trial extension
aac_mix_test_002906,TYPE,elem_e7e143e5,Casey
aac_mix_test_002907,CLICK,elem_68198e17,
aac_mix_test_002908,CLICK,elem_37fe9607,
aac_mix_test_002909,TYPE,elem_0ce7d546,Felix
aac_mix_test_002910,CLICK,elem_5d680351,
aac_mix_test_002911,SELECT,elem_b645bc97,NDA
aac_mix_test_002912,TYPE,elem_39d355b5,basil
aac_mix_test_002913,CLICK,elem_486b84b0,
aac_mix_test_002914,CLICK,elem_4d048eee,
aac_mix_test_002915,TYPE,elem_5bf3bc37,New York
aac_mix_test_002916,TYPE,elem_56685838,Avery
aac_mix_test_002917,SELECT,elem_fcb6da9f,Email
aac_mix_test_002918,CLICK,elem_bc379138,
aac_mix_test_002919,CLICK,elem_d2363cf6,
aac_mix_test_002920,SELECT,elem_4671356b,Freezer A
aac_mix_test_002921,SELECT,elem_e7063fc1,Warehouse Gate
aac_mix_test_002922,CLICK,elem_5ceac9cc,
aac_mix_test_002923,CLICK,elem_78d96ba6,
aac_mix_test_002924,TYPE,elem_39925819,organic dog food
aac_mix_test_002925,CLICK,elem_28995ca3,
aac_mix_test_002926,CLICK,elem_a3c26d39,
aac_mix_test_002927,CLICK,elem_f93a7d28,
aac_mix_test_002928,CLICK,elem_5480b7f2,
aac_mix_test_002929,TYPE,elem_cb0c46cf,AST-VB64396
aac_mix_test_002930,SELECT,elem_d3595300,High
aac_mix_test_002931,CLICK,elem_2024da04,
aac_mix_test_002932,CLICK,elem_6b4740d7,
aac_mix_test_002933,CLICK,elem_fc4828ac,
aac_mix_test_002934,CLICK,elem_e048158b,
aac_mix_test_002935,CLICK,elem_2260daf2,
aac_mix_test_002936,CLICK,elem_f689d24d,
aac_mix_test_002937,CLICK,elem_4a3a064c,
aac_mix_test_002938,CLICK,elem_a185481e,
aac_mix_test_002939,CLICK,elem_f77213c8,
aac_mix_test_002940,CLICK,elem_88957cc8,
aac_mix_test_002941,SELECT,elem_8207ce45,Telemetry
aac_mix_test_002942,CLICK,elem_bde39fee,
aac_mix_test_002943,CLICK,elem_8bac1f14,
aac_mix_test_002944,SELECT,elem_420f8a0c,Enterprise
aac_mix_test_002945,CLICK,elem_149ce163,
aac_mix_test_002946,SELECT,elem_7206c509,SEV-2
aac_mix_test_002947,CLICK,elem_df0d9576,
aac_mix_test_002948,SELECT,elem_20b31135,CC-509
aac_mix_test_002949,SELECT,elem_6b2d9d8b,Hall A
aac_mix_test_002950,CLICK,elem_b781944b,
aac_mix_test_002951,CLICK,elem_b27c989d,
aac_mix_test_002952,TYPE,elem_e704d959,regional error spike
aac_mix_test_002953,CLICK,elem_88181ba7,
aac_mix_test_002954,CLICK,elem_fb0ddf48,
aac_mix_test_002955,CLICK,elem_6da14da8,
aac_mix_test_002956,TYPE,elem_2396862c,2026-09-23
aac_mix_test_002957,CLICK,elem_ebc97e24,
aac_mix_test_002958,TYPE,elem_4682d100,mens hiking shoes
aac_mix_test_002959,CLICK,elem_74a4bc33,
aac_mix_test_002960,TYPE,elem_08415e20,The Alloy Room
aac_mix_test_002961,CLICK,elem_44c7c6e3,
aac_mix_test_002962,CLICK,elem_9eab350b,
aac_mix_test_002963,TYPE,elem_3ec674fa,denise.bloom@bbt.com
aac_mix_test_002964,TYPE,elem_7b49b074,2026-08-26
aac_mix_test_002965,TYPE,elem_6eb430a4,blueberry
aac_mix_test_002966,TYPE,elem_f293e8e7,Theo
aac_mix_test_002967,TYPE,elem_7631dbfc,Maya Hall
aac_mix_test_002968,CLICK,elem_bc2dfe7a,
aac_mix_test_002969,TYPE,elem_3df72543,stony brook
aac_mix_test_002970,TYPE,elem_d1a4c0e7,ITM-WL2886
aac_mix_test_002971,TYPE,elem_8bad4037,2026-08-20
aac_mix_test_002972,SELECT,elem_5e7473b1,QA
aac_mix_test_002973,SELECT,elem_9f4b89b6,CC-509
aac_mix_test_002974,CLICK,elem_839f6ae0,
aac_mix_test_002975,TYPE,elem_0c0f475e,10000001
aac_mix_test_002976,CLICK,elem_44279576,
aac_mix_test_002977,SELECT,elem_725ef55f,EUR
aac_mix_test_002978,CLICK,elem_a9a249c9,
aac_mix_test_002979,SELECT,elem_01bbf39f,Refund offset
aac_mix_test_002980,CLICK,elem_1b218d20,
aac_mix_test_002981,CLICK,elem_fc09a7ef,
aac_mix_test_002982,TYPE,elem_9efaeb88,24124124091
aac_mix_test_002983,CLICK,elem_97c7d425,
aac_mix_test_002984,TYPE,elem_f0e6055d,Arcadia
aac_mix_test_002985,CLICK,elem_6e17681d,
aac_mix_test_002986,TYPE,elem_24e0a106,Reese
aac_mix_test_002987,SELECT,elem_590c49f0,price_lowest_first
aac_mix_test_002988,CLICK,elem_313253ab,
aac_mix_test_002989,TYPE,elem_f4a8cd17,Parker
aac_mix_test_002990,TYPE,elem_e64f9762,Parker Hall
aac_mix_test_002991,TYPE,elem_5f73a315,Liam
aac_mix_test_002992,CLICK,elem_b7d5fb39,
aac_mix_test_002993,TYPE,elem_8d5f9fc6,abc@abc.com
aac_mix_test_002994,TYPE,elem_91774688,2026-09-23
aac_mix_test_002995,CLICK,elem_3c67ee70,
aac_mix_test_002996,CLICK,elem_6c073666,
aac_mix_test_002997,CLICK,elem_c18d4e03,
aac_mix_test_002998,CLICK,elem_9d62a8d6,
aac_mix_test_002999,CLICK,elem_34ebb660,
aac_mix_test_003000,TYPE,elem_15f04101,Riley Nguyen
aac_mix_test_003001,SELECT,elem_32eacf66,KRW
aac_mix_test_003002,CLICK,elem_4bf03d46,
aac_mix_test_003003,SELECT,elem_ab8c2da6,Elevated
aac_mix_test_003004,CLICK,elem_345e5cf2,
aac_mix_test_003005,SELECT,elem_16899df3,JPY
aac_mix_test_003006,SELECT,elem_e43d2414,Rx350
aac_mix_test_003007,TYPE,elem_07c12959,2026-05-08
aac_mix_test_003008,CLICK,elem_7ce903b5,
aac_mix_test_003009,TYPE,elem_dbc5ff30,Morgan Nguyen
aac_mix_test_003010,TYPE,elem_d7f7a669,Avery Baker
aac_mix_test_003011,TYPE,elem_50101ec5,cache-55
aac_mix_test_003012,CLICK,elem_ea112e92,
aac_mix_test_003013,CLICK,elem_576dd321,
aac_mix_test_003014,TYPE,elem_798e818d,Davis
aac_mix_test_003015,TYPE,elem_f40930c3,805
aac_mix_test_003016,SELECT,elem_68e0ec10,Pager
aac_mix_test_003017,CLICK,elem_9ecc59b9,
aac_mix_test_003018,TYPE,elem_0a3194da,strawberries
aac_mix_test_003019,CLICK,elem_09ec660e,
aac_mix_test_003020,CLICK,elem_2042d819,
aac_mix_test_003021,CLICK,elem_035f0390,
aac_mix_test_003022,CLICK,elem_49e5f4fe,
aac_mix_test_003023,TYPE,elem_3a2fa1fb,Sam
aac_mix_test_003024,CLICK,elem_e977b89e,
aac_mix_test_003025,CLICK,elem_45bb37cf,
aac_mix_test_003026,CLICK,elem_57105794,
aac_mix_test_003027,CLICK,elem_25b4f2a2,
aac_mix_test_003028,SELECT,elem_816dd2f8,Temporary
aac_mix_test_003029,TYPE,elem_bcee43ea,Morgan Choi
aac_mix_test_003030,CLICK,elem_693291ae,
aac_mix_test_003031,CLICK,elem_778dc5cc,
aac_mix_test_003032,TYPE,elem_9ef7bee4,"Hollywood, USA"
aac_mix_test_003033,CLICK,elem_54bbf337,
aac_mix_test_003034,TYPE,elem_b8748b41,CRYO-PR6293
aac_mix_test_003035,TYPE,elem_7655eec5,abidjan accra
aac_mix_test_003036,CLICK,elem_9f38c130,
aac_mix_test_003037,SELECT,elem_4b1ebbaf,KRW
aac_mix_test_003038,TYPE,elem_52d6285e,123456
aac_mix_test_003039,CLICK,elem_20fb14dc,
aac_mix_test_003040,CLICK,elem_9207460c,
aac_mix_test_003041,TYPE,elem_ee50cea3,Sam
aac_mix_test_003042,TYPE,elem_fb45eab4,Quiet Signals
aac_mix_test_003043,CLICK,elem_e757cc4a,
aac_mix_test_003044,SELECT,elem_a87f9716,14:00
aac_mix_test_003045,CLICK,elem_30487723,
aac_mix_test_003046,CLICK,elem_25023884,
aac_mix_test_003047,TYPE,elem_3b4262b7,Kendall
aac_mix_test_003048,CLICK,elem_f25a63cf,
aac_mix_test_003049,CLICK,elem_967e46f0,
aac_mix_test_003050,CLICK,elem_ae304ceb,
aac_mix_test_003051,SELECT,elem_9023cdbd,Dairy-free
aac_mix_test_003052,CLICK,elem_c43e3497,
aac_mix_test_003053,CLICK,elem_5831299e,
aac_mix_test_003054,CLICK,elem_834d8cbd,
aac_mix_test_003055,CLICK,elem_6ff74b8a,
aac_mix_test_003056,TYPE,elem_f4ea6417,mint
aac_mix_test_003057,CLICK,elem_473dc345,
aac_mix_test_003058,TYPE,elem_a29d4821,Blue Hour Briefing
aac_mix_test_003059,TYPE,elem_b68cc784,10005
aac_mix_test_003060,TYPE,elem_1ec04704,Felix
aac_mix_test_003061,CLICK,elem_0b905d58,
aac_mix_test_003062,CLICK,elem_fe306843,
aac_mix_test_003063,SELECT,elem_66dbac34,Low
aac_mix_test_003064,CLICK,elem_a96a93d7,
aac_mix_test_003065,CLICK,elem_33b0caa4,
aac_mix_test_003066,CLICK,elem_ea94395d,
aac_mix_test_003067,SELECT,elem_4caa1e03,2-8 C
aac_mix_test_003068,CLICK,elem_58fe8621,
aac_mix_test_003069,CLICK,elem_2dbe2c97,
aac_mix_test_003070,CLICK,elem_6f176dfc,
aac_mix_test_003071,SELECT,elem_94e7ef46,2023-05-24
aac_mix_test_003072,CLICK,elem_6297d22f,
aac_mix_test_003073,CLICK,elem_332043b0,
aac_mix_test_003074,CLICK,elem_0af11afe,
aac_mix_test_003075,TYPE,elem_4e19abbc,GRT-FD11986
aac_mix_test_003076,SELECT,elem_b6619847,Medium
aac_mix_test_003077,SELECT,elem_614f4b62,Studio East
aac_mix_test_003078,SELECT,elem_e17749b8,Medium
aac_mix_test_003079,SELECT,elem_836d297d,Pager
aac_mix_test_003080,CLICK,elem_9075fd5f,
aac_mix_test_003081,TYPE,elem_8aa004c7,929
aac_mix_test_003082,TYPE,elem_fd6fdb55,Mina
aac_mix_test_003083,TYPE,elem_4193c4f2,Boston
aac_mix_test_003084,CLICK,elem_a8ab9667,
aac_mix_test_003085,CLICK,elem_87db09ef,
aac_mix_test_003086,TYPE,elem_5b7b7565,Jordan
aac_mix_test_003087,TYPE,elem_de9be496,queue drain stalled
aac_mix_test_003088,CLICK,elem_329cdefe,
aac_mix_test_003089,SELECT,elem_878a04ab,CC-509
aac_mix_test_003090,TYPE,elem_7a16a8e1,Ohio
aac_mix_test_003091,SELECT,elem_f09acb3a,Urgent
aac_mix_test_003092,CLICK,elem_59f1878f,
aac_mix_test_003093,CLICK,elem_64e4b332,
aac_mix_test_003094,CLICK,elem_0220d760,
aac_mix_test_003095,CLICK,elem_4e07068c,
aac_mix_test_003096,CLICK,elem_5568ce3f,
aac_mix_test_003097,CLICK,elem_02d0cd5c,
aac_mix_test_003098,CLICK,elem_85e52d23,
aac_mix_test_003099,CLICK,elem_aeb39712,
aac_mix_test_003100,TYPE,elem_ed99edd6,CLS-HJ243
aac_mix_test_003101,CLICK,elem_f3710d85,
aac_mix_test_003102,SELECT,elem_274e75e8,JPY
aac_mix_test_003103,CLICK,elem_87024ebf,
aac_mix_test_003104,CLICK,elem_6b3aee42,
aac_mix_test_003105,CLICK,elem_f2c7e644,
aac_mix_test_003106,CLICK,elem_938c5fbe,
aac_mix_test_003107,TYPE,elem_d691bc6a,New York
aac_mix_test_003108,SELECT,elem_852417c4,Theater
aac_mix_test_003109,TYPE,elem_a1184c2a,580
aac_mix_test_003110,CLICK,elem_aa894dd3,
aac_mix_test_003111,TYPE,elem_84703982,john.davis
aac_mix_test_003112,SELECT,elem_8de474db,Library renewal
aac_mix_test_003113,SELECT,elem_407c51ad,GBP
aac_mix_test_003114,CLICK,elem_a0f6cb0a,
aac_mix_test_003115,SELECT,elem_fd98a93d,Identity proxy
aac_mix_test_003116,CLICK,elem_c3880f55,
aac_mix_test_003117,TYPE,elem_63fd257f,Taylor Allen
aac_mix_test_003118,TYPE,elem_4176098d,2026-06-02
aac_mix_test_003119,SELECT,elem_7576f1bf,Unreadable ID
aac_mix_test_003120,CLICK,elem_57617c96,
aac_mix_test_003121,CLICK,elem_19760226,
aac_mix_test_003122,CLICK,elem_4928fbe1,
aac_mix_test_003123,SELECT,elem_d2bb8a98,50 Miles
aac_mix_test_003124,CLICK,elem_25447948,
aac_mix_test_003125,SELECT,elem_01834f9f,Rack Delta
aac_mix_test_003126,TYPE,elem_1cfe90ea,parking
aac_mix_test_003127,CLICK,elem_d6dd4e08,
aac_mix_test_003128,CLICK,elem_987c5593,
aac_mix_test_003129,CLICK,elem_4ebdf2d2,
aac_mix_test_003130,CLICK,elem_69a30e31,
aac_mix_test_003131,TYPE,elem_eb835f25,Wi-Fi
aac_mix_test_003132,CLICK,elem_137cfcb6,
aac_mix_test_003133,TYPE,elem_7f955678,2026-07-17
aac_mix_test_003134,CLICK,elem_642f5571,
aac_mix_test_003135,CLICK,elem_ea833363,
aac_mix_test_003136,CLICK,elem_6670446b,
aac_mix_test_003137,TYPE,elem_848f06e2,Career fair
aac_mix_test_003138,CLICK,elem_91f711e4,
aac_mix_test_003139,SELECT,elem_208a29bb,40% RH
aac_mix_test_003140,CLICK,elem_3951a944,
aac_mix_test_003141,CLICK,elem_41b08f29,
aac_mix_test_003142,CLICK,elem_a34e975a,
aac_mix_test_003143,CLICK,elem_7c0ac7df,
aac_mix_test_003144,TYPE,elem_c7581d3e,Parker
aac_mix_test_003145,TYPE,elem_72008521,cache purge failing
aac_mix_test_003146,CLICK,elem_437d93f9,
aac_mix_test_003147,CLICK,elem_280ccb2a,
aac_mix_test_003148,CLICK,elem_c20357a4,
aac_mix_test_003149,CLICK,elem_3d362a42,
aac_mix_test_003150,SELECT,elem_b5f838aa,2023
aac_mix_test_003151,CLICK,elem_62fff38e,
aac_mix_test_003152,TYPE,elem_c9adcd17,890
aac_mix_test_003153,TYPE,elem_02f2ebcc,241
aac_mix_test_003154,CLICK,elem_9bae9b2c,
aac_mix_test_003155,CLICK,elem_f1a44e0f,
aac_mix_test_003156,SELECT,elem_3c4c8fd9,Urgent
aac_mix_test_003157,CLICK,elem_133c04c6,
aac_mix_test_003158,TYPE,elem_6ac0240f,Haneul
aac_mix_test_003159,TYPE,elem_6d93397d,646
aac_mix_test_003160,SELECT,elem_2b4d2650,Amendment
aac_mix_test_003161,CLICK,elem_7cc66546,
aac_mix_test_003162,CLICK,elem_eb4a01ed,
aac_mix_test_003163,CLICK,elem_a956baa2,
aac_mix_test_003164,CLICK,elem_6191889a,
aac_mix_test_003165,CLICK,elem_698381ff,
aac_mix_test_003166,CLICK,elem_a648371b,
aac_mix_test_003167,CLICK,elem_0cd8cbac,
aac_mix_test_003168,CLICK,elem_3cac7256,
aac_mix_test_003169,CLICK,elem_f623ccfc,
aac_mix_test_003170,CLICK,elem_316106e6,
aac_mix_test_003171,SELECT,elem_9d7a9cc1,Urgent
aac_mix_test_003172,CLICK,elem_09878eaf,
aac_mix_test_003173,CLICK,elem_1260ef92,
aac_mix_test_003174,TYPE,elem_68e87198,2026-06-02
aac_mix_test_003175,TYPE,elem_8930b929,10000001
aac_mix_test_003176,CLICK,elem_04d74a07,
aac_mix_test_003177,CLICK,elem_65757c45,
aac_mix_test_003178,CLICK,elem_e200005d,
aac_mix_test_003179,CLICK,elem_00e1d041,
aac_mix_test_003180,SELECT,elem_d84ae104,Canal east
aac_mix_test_003181,CLICK,elem_90f32864,
aac_mix_test_003182,SELECT,elem_17808b8c,SGD
aac_mix_test_003183,CLICK,elem_0eab826b,
aac_mix_test_003184,CLICK,elem_3dad264d,
aac_mix_test_003185,SELECT,elem_f4c1b67f,C1
aac_mix_test_003186,TYPE,elem_299fbafb,sesame
aac_mix_test_003187,TYPE,elem_5ed33497,Refund offset
aac_mix_test_003188,TYPE,elem_c750a130,Maya
aac_mix_test_003189,CLICK,elem_3a7bc827,
aac_mix_test_003190,SELECT,elem_3d5b2c97,10:00-12:00
aac_mix_test_003191,SELECT,elem_e0e1707a,Classroom
aac_mix_test_003192,CLICK,elem_730ae6da,
aac_mix_test_003193,CLICK,elem_bd87656a,
aac_mix_test_003194,CLICK,elem_9696c09c,
aac_mix_test_003195,CLICK,elem_fdf8ebeb,
aac_mix_test_003196,SELECT,elem_27e2167e,Drip
aac_mix_test_003197,CLICK,elem_f6b7bb9e,
aac_mix_test_003198,TYPE,elem_1980f968,Alex
aac_mix_test_003199,CLICK,elem_2ffdc892,
aac_mix_test_003200,SELECT,elem_40abf68d,Search cluster
aac_mix_test_003201,CLICK,elem_f3bdd756,
aac_mix_test_003202,CLICK,elem_5aa339f3,
aac_mix_test_003203,CLICK,elem_4575079d,
aac_mix_test_003204,CLICK,elem_8f9438ba,
aac_mix_test_003205,CLICK,elem_3ae87071,
aac_mix_test_003206,CLICK,elem_753b7cc8,
aac_mix_test_003207,CLICK,elem_a3adb09a,
aac_mix_test_003208,SELECT,elem_91f02400,Spring science fund
aac_mix_test_003209,CLICK,elem_24a4eeca,
aac_mix_test_003210,TYPE,elem_aad9540d,AST-SA72245
aac_mix_test_003211,SELECT,elem_86311a0e,Executive Floor
aac_mix_test_003212,SELECT,elem_62446438,de-DE
aac_mix_test_003213,CLICK,elem_7706ab48,
aac_mix_test_003214,TYPE,elem_a3044bbd,Faro
aac_mix_test_003215,TYPE,elem_790121ab,Policy roundtable
aac_mix_test_003216,SELECT,elem_94d1dd01,Email
aac_mix_test_003217,CLICK,elem_3f524634,
aac_mix_test_003218,CLICK,elem_974b4865,
aac_mix_test_003219,CLICK,elem_a89923fd,
aac_mix_test_003220,TYPE,elem_39fd7b1e,athens airport
aac_mix_test_003221,CLICK,elem_fc8f447a,
aac_mix_test_003222,SELECT,elem_f73f7b7a,15 miles
aac_mix_test_003223,CLICK,elem_02c38abb,
aac_mix_test_003224,CLICK,elem_3b65596a,
aac_mix_test_003225,CLICK,elem_10f45c8b,
aac_mix_test_003226,SELECT,elem_9f98269c,Health packet
aac_mix_test_003227,CLICK,elem_55b30289,
aac_mix_test_003228,SELECT,elem_f401191f,€EUR
aac_mix_test_003229,CLICK,elem_023e9f44,
aac_mix_test_003230,TYPE,elem_46894ad7,Priya
aac_mix_test_003231,CLICK,elem_03ae4aa4,
aac_mix_test_003232,CLICK,elem_0a3ddcd3,
aac_mix_test_003233,CLICK,elem_93326264,
aac_mix_test_003234,CLICK,elem_5bb79ae9,
aac_mix_test_003235,TYPE,elem_1d6db234,Wolowitz
aac_mix_test_003236,SELECT,elem_3c108eef,SMS
aac_mix_test_003237,TYPE,elem_a08de189,Haneul
aac_mix_test_003238,SELECT,elem_ba835801,Draft
aac_mix_test_003239,TYPE,elem_e152875c,Quiet Signals
aac_mix_test_003240,TYPE,elem_222a46f9,Tokyo
aac_mix_test_003241,CLICK,elem_97124019,
aac_mix_test_003242,CLICK,elem_f8dc57c9,
aac_mix_test_003243,TYPE,elem_b85700b2,2026-06-17
aac_mix_test_003244,SELECT,elem_22dd9d26,09:30-11:30
aac_mix_test_003245,CLICK,elem_55f7df09,
aac_mix_test_003246,SELECT,elem_f956ff5d,Research
aac_mix_test_003247,SELECT,elem_a96568ea,"Detroit, MI"
aac_mix_test_003248,CLICK,elem_22f00591,
aac_mix_test_003249,SELECT,elem_0ed86423,03:00 AM
aac_mix_test_003250,CLICK,elem_807d230e,
aac_mix_test_003251,TYPE,elem_17c49198,Cobalt
aac_mix_test_003252,CLICK,elem_0ac1d205,
aac_mix_test_003253,TYPE,elem_737efebb,Iris
aac_mix_test_003254,TYPE,elem_12ba69b4,D-524
aac_mix_test_003255,TYPE,elem_040960f2,Felix
aac_mix_test_003256,CLICK,elem_2e0c05f8,
aac_mix_test_003257,SELECT,elem_e927b976,09:30-11:30
aac_mix_test_003258,CLICK,elem_694d890f,
aac_mix_test_003259,SELECT,elem_6a9c0264,Service credit
aac_mix_test_003260,CLICK,elem_a708f992,
aac_mix_test_003261,SELECT,elem_2ac13bf0,CC-118
aac_mix_test_003262,CLICK,elem_e44e7665,
aac_mix_test_003263,TYPE,elem_b591e1c5,Sora Chen
aac_mix_test_003264,SELECT,elem_55cc14fb,Scheduled
aac_mix_test_003265,TYPE,elem_2cc3f25b,Emma
aac_mix_test_003266,CLICK,elem_2e6ed59b,
aac_mix_test_003267,CLICK,elem_28725b3e,
aac_mix_test_003268,SELECT,elem_04a36122,08:37 AM
aac_mix_test_003269,SELECT,elem_d3eef260,X-band
aac_mix_test_003270,CLICK,elem_89cabbd7,
aac_mix_test_003271,CLICK,elem_7d61fb98,
aac_mix_test_003272,TYPE,elem_1e7e4e32,london
aac_mix_test_003273,SELECT,elem_d018e84a,High
aac_mix_test_003274,CLICK,elem_f4a9c91f,
aac_mix_test_003275,SELECT,elem_8661d7ec,SEV-4
aac_mix_test_003276,TYPE,elem_f81a7c4b,Jisoo
aac_mix_test_003277,CLICK,elem_377b50ff,
aac_mix_test_003278,CLICK,elem_4aa4cecd,
aac_mix_test_003279,CLICK,elem_166efba1,
aac_mix_test_003280,CLICK,elem_3bcdf3ec,
aac_mix_test_003281,CLICK,elem_9dac51a7,
aac_mix_test_003282,TYPE,elem_124306fa,SN-EQ568064
aac_mix_test_003283,TYPE,elem_bdc4ff1b,2026-06-01
aac_mix_test_003284,CLICK,elem_339ac413,
aac_mix_test_003285,CLICK,elem_34288470,
aac_mix_test_003286,CLICK,elem_cf3c163c,
aac_mix_test_003287,TYPE,elem_7bb673de,ITM-ZS7990
aac_mix_test_003288,CLICK,elem_62b7b4cf,
aac_mix_test_003289,CLICK,elem_1be874c2,
aac_mix_test_003290,CLICK,elem_62d35d05,
aac_mix_test_003291,CLICK,elem_0cd8dd9d,
aac_mix_test_003292,CLICK,elem_82574111,
aac_mix_test_003293,SELECT,elem_eac6c56f,Development
aac_mix_test_003294,TYPE,elem_21a3edf3,Matthews winery
aac_mix_test_003295,CLICK,elem_acbbaae7,
aac_mix_test_003296,CLICK,elem_2b544ec0,
aac_mix_test_003297,SELECT,elem_4359ec5c,Lexus
aac_mix_test_003298,CLICK,elem_4f1512f1,
aac_mix_test_003299,SELECT,elem_44c1ea45,0.05 mm
aac_mix_test_003300,SELECT,elem_adf929d6,Low
aac_mix_test_003301,TYPE,elem_59e04027,"New York, NY"
aac_mix_test_003302,CLICK,elem_734f71b9,
aac_mix_test_003303,CLICK,elem_18ea4bcb,
aac_mix_test_003304,CLICK,elem_2888475a,
aac_mix_test_003305,TYPE,elem_6af14b28,Hana Miller
aac_mix_test_003306,CLICK,elem_f8fcd73b,
aac_mix_test_003307,CLICK,elem_7c853670,
aac_mix_test_003308,TYPE,elem_54517ea7,dog friendly
aac_mix_test_003309,TYPE,elem_7ab21a66,New York Knicks
aac_mix_test_003310,SELECT,elem_4cc2cd74,Dropped
aac_mix_test_003311,CLICK,elem_fc7f20dd,
aac_mix_test_003312,CLICK,elem_55e40a91,
aac_mix_test_003313,SELECT,elem_aecba267,Pager
aac_mix_test_003314,CLICK,elem_2d1535ad,
aac_mix_test_003315,SELECT,elem_c3f1c48e,Security
aac_mix_test_003316,CLICK,elem_62c16f36,
aac_mix_test_003317,CLICK,elem_6b95690d,
aac_mix_test_003318,CLICK,elem_df2e0de9,
aac_mix_test_003319,TYPE,elem_5d4d3c9c,mexico city airport
aac_mix_test_003320,SELECT,elem_898f2ce1,Needs QC
aac_mix_test_003321,TYPE,elem_206a88ac,Buckeye
aac_mix_test_003322,CLICK,elem_f4c5ec9a,
aac_mix_test_003323,CLICK,elem_cbf03021,
aac_mix_test_003324,CLICK,elem_4e48ff96,
aac_mix_test_003325,TYPE,elem_bc025ca1,"June 4th, 2023"
aac_mix_test_003326,CLICK,elem_e1c217e9,
aac_mix_test_003327,CLICK,elem_8ee2cc4a,
aac_mix_test_003328,TYPE,elem_45f07b4d,CLS-NT091
aac_mix_test_003329,SELECT,elem_2db88031,Enrolled
aac_mix_test_003330,TYPE,elem_1897dc39,Hana
aac_mix_test_003331,TYPE,elem_700e7547,Sora
aac_mix_test_003332,CLICK,elem_fea4297c,
aac_mix_test_003333,CLICK,elem_85563e61,
aac_mix_test_003334,CLICK,elem_685ef674,
aac_mix_test_003335,CLICK,elem_3c0d8045,
aac_mix_test_003336,CLICK,elem_9be3fe97,
aac_mix_test_003337,SELECT,elem_ac811f80,Email
aac_mix_test_003338,TYPE,elem_550aa86a,2026-06-26
aac_mix_test_003339,CLICK,elem_5e6f3fd7,
aac_mix_test_003340,CLICK,elem_c0e1fc22,
aac_mix_test_003341,TYPE,elem_9fb55d6b,chicago il
aac_mix_test_003342,TYPE,elem_14c620f0,2026-09-17
aac_mix_test_003343,CLICK,elem_358f4e2b,
aac_mix_test_003344,CLICK,elem_965a03f8,
aac_mix_test_003345,SELECT,elem_0ac9d119,Dropped
aac_mix_test_003346,TYPE,elem_469d0c45,BK-TV23518
aac_mix_test_003347,SELECT,elem_7fe677f4,Amendment
aac_mix_test_003348,SELECT,elem_7ca2def9,09:30-11:30
aac_mix_test_003349,TYPE,elem_fec5cb28,ACCT-CV2229
aac_mix_test_003350,CLICK,elem_ab73fd54,
aac_mix_test_003351,TYPE,elem_0992c37a,Parker
aac_mix_test_003352,CLICK,elem_57894fab,
aac_mix_test_003353,CLICK,elem_71158aa3,
aac_mix_test_003354,SELECT,elem_9fa620fc,Library renewal
aac_mix_test_003355,CLICK,elem_37b53d64,
aac_mix_test_003356,SELECT,elem_6c90ef39,SEV-2
aac_mix_test_003357,CLICK,elem_76e1d278,
aac_mix_test_003358,CLICK,elem_7fefe91b,
aac_mix_test_003359,CLICK,elem_5d2a4393,
aac_mix_test_003360,CLICK,elem_e75ee15a,
aac_mix_test_003361,TYPE,elem_528a9837,lettuce
aac_mix_test_003362,CLICK,elem_5f6bab12,
aac_mix_test_003363,SELECT,elem_5a467625,$20 or less
aac_mix_test_003364,CLICK,elem_70eec6c1,
aac_mix_test_003365,CLICK,elem_484ccb93,
aac_mix_test_003366,TYPE,elem_9796d897,ACCT-XE1412
aac_mix_test_003367,CLICK,elem_6d2de695,
aac_mix_test_003368,SELECT,elem_6604e430,Critical
aac_mix_test_003369,CLICK,elem_eec17333,
aac_mix_test_003370,CLICK,elem_b79cb3a4,
aac_mix_test_003371,SELECT,elem_54888c4c,Refund offset
aac_mix_test_003372,TYPE,elem_abb5c8aa,loose hinge
aac_mix_test_003373,CLICK,elem_37ff06c4,
aac_mix_test_003374,CLICK,elem_fd1a45dc,
aac_mix_test_003375,CLICK,elem_ee1a4897,
aac_mix_test_003376,TYPE,elem_a8f2b07e,Olivia Allen
aac_mix_test_003377,SELECT,elem_45b01928,Pager
aac_mix_test_003378,CLICK,elem_08179379,
aac_mix_test_003379,SELECT,elem_41ecd608,Production
aac_mix_test_003380,TYPE,elem_71a4e5b4,ITM-UZ6199
aac_mix_test_003381,SELECT,elem_fec954f1,Enrolled
aac_mix_test_003382,TYPE,elem_bb7bea2c,638
aac_mix_test_003383,CLICK,elem_352d0af3,
aac_mix_test_003384,CLICK,elem_b05a6d12,
aac_mix_test_003385,CLICK,elem_fee5664a,
aac_mix_test_003386,TYPE,elem_c77f6bb4,10000001
aac_mix_test_003387,TYPE,elem_53a9380d,db-19
aac_mix_test_003388,SELECT,elem_51245992,USD
aac_mix_test_003389,TYPE,elem_848a9b7f,86
aac_mix_test_003390,SELECT,elem_f33b975c,CC-104
aac_mix_test_003391,TYPE,elem_98a428a5,Noah
aac_mix_test_003392,CLICK,elem_b789ef1d,
aac_mix_test_003393,CLICK,elem_52fda392,
aac_mix_test_003394,CLICK,elem_a50abd0c,
aac_mix_test_003395,SELECT,elem_1ce66dac,2023
aac_mix_test_003396,SELECT,elem_0b0ad8d7,Climbing
aac_mix_test_003397,SELECT,elem_bce89c27,Mist
aac_mix_test_003398,CLICK,elem_619a6e17,
aac_mix_test_003399,CLICK,elem_d24b729d,
aac_mix_test_003400,CLICK,elem_2d36301a,
aac_mix_test_003401,SELECT,elem_d0ddd99a,Hall A
aac_mix_test_003402,CLICK,elem_e5ed08a7,
aac_mix_test_003403,CLICK,elem_1da24b8d,
aac_mix_test_003404,CLICK,elem_454c174a,
aac_mix_test_003405,TYPE,elem_c7ca9215,SAT-WD3785
aac_mix_test_003406,TYPE,elem_d440432c,E-336
aac_mix_test_003407,TYPE,elem_200f43c9,The Flash
aac_mix_test_003408,CLICK,elem_ef996b4e,
aac_mix_test_003409,CLICK,elem_f30e88d1,
aac_mix_test_003410,CLICK,elem_85e08e1a,
aac_mix_test_003411,CLICK,elem_17f98f9b,
aac_mix_test_003412,CLICK,elem_77d2a03c,
aac_mix_test_003413,SELECT,elem_6f00b2a9,Mist
aac_mix_test_003414,SELECT,elem_45a2eed5,QC passed
aac_mix_test_003415,TYPE,elem_b89132e9,2026-05-26
aac_mix_test_003416,TYPE,elem_7d4e166f,ITM-QB5322
aac_mix_test_003417,SELECT,elem_bd982906,Bonus feed
aac_mix_test_003418,SELECT,elem_a7d504b1,Urgent
aac_mix_test_003419,CLICK,elem_082827ca,
aac_mix_test_003420,CLICK,elem_4bda8db8,
aac_mix_test_003421,TYPE,elem_f4d394d6,647
aac_mix_test_003422,CLICK,elem_998d78cd,
aac_mix_test_003423,CLICK,elem_568d549b,
aac_mix_test_003424,CLICK,elem_a9ef21e1,
aac_mix_test_003425,TYPE,elem_8ded541b,2026-12-05
aac_mix_test_003426,TYPE,elem_38e9bef7,"Westminster, CA"
aac_mix_test_003427,CLICK,elem_69b19987,
aac_mix_test_003428,TYPE,elem_ba0fc456,gorillaz
aac_mix_test_003429,CLICK,elem_0513f5a9,
aac_mix_test_003430,TYPE,elem_f758e542,BK-CL34396
aac_mix_test_003431,CLICK,elem_44a7b05d,
aac_mix_test_003432,CLICK,elem_6d659220,
aac_mix_test_003433,TYPE,elem_f581665b,Nadia Martin
aac_mix_test_003434,CLICK,elem_8cdd0cbe,
aac_mix_test_003435,TYPE,elem_1a9fa2fd,Maya
aac_mix_test_003436,TYPE,elem_515480ff,Career fair
aac_mix_test_003437,SELECT,elem_3712ec39,SGD
aac_mix_test_003438,TYPE,elem_3883fbf1,Liam Kim
aac_mix_test_003439,CLICK,elem_e2c355af,
aac_mix_test_003440,CLICK,elem_2f24678a,
aac_mix_test_003441,TYPE,elem_b31995bb,Quiet Signals
aac_mix_test_003442,TYPE,elem_8247b4a1,Olivia
aac_mix_test_003443,CLICK,elem_a789ee29,
aac_mix_test_003444,TYPE,elem_7d6aa990,Drew Hall
aac_mix_test_003445,CLICK,elem_52aa4f65,
aac_mix_test_003446,CLICK,elem_a8372511,
aac_mix_test_003447,CLICK,elem_8567e563,
aac_mix_test_003448,CLICK,elem_1677f365,
aac_mix_test_003449,CLICK,elem_a1236db7,
aac_mix_test_003450,SELECT,elem_747f8891,34%
aac_mix_test_003451,TYPE,elem_f29174cf,Riley Kim
aac_mix_test_003452,CLICK,elem_51f312dd,
aac_mix_test_003453,SELECT,elem_3b84cd5a,Tax correction
aac_mix_test_003454,CLICK,elem_94087947,
aac_mix_test_003455,TYPE,elem_40023b95,BK-JY01312
aac_mix_test_003456,CLICK,elem_1bb20d12,
aac_mix_test_003457,SELECT,elem_d665173e,Library renewal
aac_mix_test_003458,CLICK,elem_411aa68a,
aac_mix_test_003459,TYPE,elem_323423e5,ITM-SA8109
aac_mix_test_003460,SELECT,elem_297280b6,Draft
aac_mix_test_003461,CLICK,elem_e3b74ced,
aac_mix_test_003462,CLICK,elem_38c3958d,
aac_mix_test_003463,TYPE,elem_3018ff53,2026-06-20
aac_mix_test_003464,CLICK,elem_938c410b,
aac_mix_test_003465,CLICK,elem_8c89ab21,
aac_mix_test_003466,CLICK,elem_09e63a3a,
aac_mix_test_003467,CLICK,elem_65c4d22c,
aac_mix_test_003468,CLICK,elem_a66c8b61,
aac_mix_test_003469,CLICK,elem_b672bde5,
aac_mix_test_003470,SELECT,elem_272de12d,Theater
aac_mix_test_003471,SELECT,elem_2ad677cb,Mist
aac_mix_test_003472,CLICK,elem_bc5d0b7d,
aac_mix_test_003473,CLICK,elem_6866d2bc,
aac_mix_test_003474,CLICK,elem_8414a2c3,
aac_mix_test_003475,SELECT,elem_da43573f,Documentation
aac_mix_test_003476,CLICK,elem_3d3efc08,
aac_mix_test_003477,SELECT,elem_6a02af56,th-TH
aac_mix_test_003478,TYPE,elem_54b623a8,121
aac_mix_test_003479,CLICK,elem_ea59e9dd,
aac_mix_test_003480,SELECT,elem_e32fa269,Theater
aac_mix_test_003481,CLICK,elem_13a9282d,
aac_mix_test_003482,SELECT,elem_385da28d,B2
aac_mix_test_003483,CLICK,elem_ccae71a7,
aac_mix_test_003484,CLICK,elem_27a7cc3c,
aac_mix_test_003485,SELECT,elem_f56b7554,People Ops
aac_mix_test_003486,CLICK,elem_e34f2fe8,
aac_mix_test_003487,CLICK,elem_5c100d64,
aac_mix_test_003488,SELECT,elem_b057532c,Ambient
aac_mix_test_003489,SELECT,elem_fafbecad,2005
aac_mix_test_003490,SELECT,elem_98889ad1,Low
aac_mix_test_003491,SELECT,elem_83135f73,USD
aac_mix_test_003492,CLICK,elem_c497e9dc,
aac_mix_test_003493,TYPE,elem_6923d76c,cache purge failing
aac_mix_test_003494,SELECT,elem_f42394aa,Business
aac_mix_test_003495,TYPE,elem_a58a802a,2026-07-23
aac_mix_test_003496,SELECT,elem_38ea7b2d,NDA
aac_mix_test_003497,TYPE,elem_61819161,Vista
aac_mix_test_003498,CLICK,elem_2cfe6c9d,
aac_mix_test_003499,CLICK,elem_00f72970,
aac_mix_test_003500,CLICK,elem_63f0a3b4,
aac_mix_test_003501,TYPE,elem_88357e46,Jisoo
aac_mix_test_003502,SELECT,elem_87a5abd5,20
aac_mix_test_003503,TYPE,elem_40ca1cd6,Evan
aac_mix_test_003504,CLICK,elem_ff8920ff,
aac_mix_test_003505,TYPE,elem_b9e91fc7,Marcus Wright
aac_mix_test_003506,TYPE,elem_630dcddb,123456
aac_mix_test_003507,CLICK,elem_422f6da1,
aac_mix_test_003508,CLICK,elem_746d87db,
aac_mix_test_003509,CLICK,elem_e73de7d6,
aac_mix_test_003510,TYPE,elem_737f07f5,john.davis@outlook.com
aac_mix_test_003511,TYPE,elem_57d1b043,chicago
aac_mix_test_003512,CLICK,elem_a4c15e7f,
aac_mix_test_003513,SELECT,elem_18269e81,Medium
aac_mix_test_003514,SELECT,elem_f6bdd322,Dairy-free
aac_mix_test_003515,TYPE,elem_479d7532,Rowan
aac_mix_test_003516,CLICK,elem_35813c75,
aac_mix_test_003517,CLICK,elem_4d21f747,
aac_mix_test_003518,CLICK,elem_0762eed3,
aac_mix_test_003519,TYPE,elem_87d16e28,Marcus Garcia
aac_mix_test_003520,CLICK,elem_8183688c,
aac_mix_test_003521,CLICK,elem_635c1d23,
aac_mix_test_003522,SELECT,elem_f4b41af0,0.10 mm
aac_mix_test_003523,SELECT,elem_8c7a19b9,High
aac_mix_test_003524,CLICK,elem_95f185d5,
aac_mix_test_003525,TYPE,elem_10c46352,123456789
aac_mix_test_003526,CLICK,elem_f1031084,
aac_mix_test_003527,CLICK,elem_11a66a55,
aac_mix_test_003528,TYPE,elem_4904b409,Sam
aac_mix_test_003529,CLICK,elem_619988ac,
aac_mix_test_003530,CLICK,elem_2e5b6b4d,
aac_mix_test_003531,SELECT,elem_271c4c87,SMS
aac_mix_test_003532,CLICK,elem_d7c01a66,
aac_mix_test_003533,CLICK,elem_a74abfa6,
aac_mix_test_003534,CLICK,elem_4e936aaf,
aac_mix_test_003535,CLICK,elem_0b673160,
aac_mix_test_003536,CLICK,elem_6f5b4955,
aac_mix_test_003537,TYPE,elem_32ac5c0b,07470
aac_mix_test_003538,CLICK,elem_8ef7a24c,
aac_mix_test_003539,SELECT,elem_f8a02b58,Intermittent sensor
aac_mix_test_003540,TYPE,elem_250a9e33,cache-69
aac_mix_test_003541,CLICK,elem_16fd3612,
aac_mix_test_003542,CLICK,elem_1d7cf627,
aac_mix_test_003543,CLICK,elem_eac8115b,
aac_mix_test_003544,TYPE,elem_6f845dd0,BOT-KG249
aac_mix_test_003545,TYPE,elem_86318d2e,Morgan
aac_mix_test_003546,CLICK,elem_3568e130,
aac_mix_test_003547,CLICK,elem_f28c3dcc,
aac_mix_test_003548,TYPE,elem_7f20a37c,Founders night
aac_mix_test_003549,TYPE,elem_e63c2921,Jordan Park
aac_mix_test_003550,SELECT,elem_91414c9f,Manual discount
aac_mix_test_003551,CLICK,elem_452df243,
aac_mix_test_003552,CLICK,elem_074b345c,
aac_mix_test_003553,CLICK,elem_0e2882bd,
aac_mix_test_003554,SELECT,elem_3ded3478,10
aac_mix_test_003555,TYPE,elem_8452cad9,BK-TP72158
aac_mix_test_003556,CLICK,elem_f203441a,
aac_mix_test_003557,CLICK,elem_b88d485b,
aac_mix_test_003558,CLICK,elem_9b4cc942,
aac_mix_test_003559,TYPE,elem_9f9b315f,citrus
aac_mix_test_003560,TYPE,elem_32b84d83,Tokyo
aac_mix_test_003561,CLICK,elem_bf8f2d19,
aac_mix_test_003562,TYPE,elem_9115e5da,Emma Baker
aac_mix_test_003563,CLICK,elem_b9a92f82,
aac_mix_test_003564,CLICK,elem_a75435ca,
aac_mix_test_003565,SELECT,elem_18df945c,en
aac_mix_test_003566,CLICK,elem_19e2f1ea,
aac_mix_test_003567,TYPE,elem_dcb8a78f,Founders night
aac_mix_test_003568,CLICK,elem_bac50ccc,
aac_mix_test_003569,TYPE,elem_78a35b1c,Texas
aac_mix_test_003570,TYPE,elem_ffabe209,BOT-YB693
aac_mix_test_003571,CLICK,elem_96d27472,
aac_mix_test_003572,CLICK,elem_7a57042f,
aac_mix_test_003573,CLICK,elem_0ff35866,
aac_mix_test_003574,CLICK,elem_76e34fd7,
aac_mix_test_003575,CLICK,elem_9bf80dfb,
aac_mix_test_003576,SELECT,elem_d6a3c885,Address mismatch
aac_mix_test_003577,TYPE,elem_799154e5,Alex
aac_mix_test_003578,TYPE,elem_1d152a6a,Priya
aac_mix_test_003579,CLICK,elem_436e23b1,
aac_mix_test_003580,CLICK,elem_eb07b3ff,
aac_mix_test_003581,TYPE,elem_2b25bc31,2026-07-20
aac_mix_test_003582,CLICK,elem_bca393b4,
aac_mix_test_003583,TYPE,elem_85bdd709,Parker Brown
aac_mix_test_003584,CLICK,elem_0b559654,
aac_mix_test_003585,TYPE,elem_eba05683,ITM-YA8501
aac_mix_test_003586,TYPE,elem_49763999,"New Orleans, LA"
aac_mix_test_003587,SELECT,elem_f81f7398,Svalbard
aac_mix_test_003588,CLICK,elem_8e181af5,
aac_mix_test_003589,TYPE,elem_0c7f0c5e,SN-ZV009951
aac_mix_test_003590,TYPE,elem_ec6f94de,stony brook
aac_mix_test_003591,TYPE,elem_51f372be,new york city
aac_mix_test_003592,CLICK,elem_854235f8,
aac_mix_test_003593,CLICK,elem_9b502718,
aac_mix_test_003594,CLICK,elem_23a48aeb,
aac_mix_test_003595,TYPE,elem_2575b8f4,530
aac_mix_test_003596,CLICK,elem_d364d34a,
aac_mix_test_003597,SELECT,elem_838d214b,SEV-3
aac_mix_test_003598,CLICK,elem_f3ced032,
aac_mix_test_003599,CLICK,elem_45292667,
aac_mix_test_003600,SELECT,elem_493a3236,Data Hall
aac_mix_test_003601,CLICK,elem_c399c2e6,
aac_mix_test_003602,CLICK,elem_2365b66f,
aac_mix_test_003603,SELECT,elem_8e07ab1e,Finance
aac_mix_test_003604,SELECT,elem_7b0c8dbe,Low
aac_mix_test_003605,TYPE,elem_719f3fd9,Noah
aac_mix_test_003606,CLICK,elem_d3ebb487,
aac_mix_test_003607,TYPE,elem_24adc469,2026-12-23
aac_mix_test_003608,SELECT,elem_48a052a3,Pager
aac_mix_test_003609,CLICK,elem_6dc7bfa4,
aac_mix_test_003610,CLICK,elem_a70017e6,
aac_mix_test_003611,CLICK,elem_dd2eb65a,
aac_mix_test_003612,CLICK,elem_38a78cee,
aac_mix_test_003613,SELECT,elem_8afe28b2,Portal note
aac_mix_test_003614,CLICK,elem_e8e4b984,
aac_mix_test_003615,SELECT,elem_34e8ac49,SGD
aac_mix_test_003616,CLICK,elem_220dbf0c,
aac_mix_test_003617,SELECT,elem_01dc30f7,Moderate
aac_mix_test_003618,SELECT,elem_603639ab,KRW
aac_mix_test_003619,TYPE,elem_28a97fd8,Jordan
aac_mix_test_003620,SELECT,elem_532a3bc2,Dropped
aac_mix_test_003621,TYPE,elem_088f2f23,Tokyo
aac_mix_test_003622,CLICK,elem_1b95b3f1,
aac_mix_test_003623,SELECT,elem_a5b7ed25,Atrium
aac_mix_test_003624,CLICK,elem_61a93bf6,
aac_mix_test_003625,CLICK,elem_18550fb6,
aac_mix_test_003626,CLICK,elem_f3d59241,
aac_mix_test_003627,CLICK,elem_7dc3d18e,
aac_mix_test_003628,SELECT,elem_3b29a2c0,Production
aac_mix_test_003629,CLICK,elem_10eb11e0,
aac_mix_test_003630,CLICK,elem_d0826c2e,
aac_mix_test_003631,SELECT,elem_22d3fd2e,Staging
aac_mix_test_003632,TYPE,elem_c8eb9a4f,Liam Adams
aac_mix_test_003633,CLICK,elem_1b4cd3ba,
aac_mix_test_003634,CLICK,elem_adab602f,
aac_mix_test_003635,CLICK,elem_547f18dd,
aac_mix_test_003636,SELECT,elem_f2050485,Dining Package
aac_mix_test_003637,TYPE,elem_dd9c3948,2026-06-26
aac_mix_test_003638,CLICK,elem_af7895ee,
aac_mix_test_003639,SELECT,elem_0925df93,SEV-2
aac_mix_test_003640,CLICK,elem_f33b2caf,
aac_mix_test_003641,CLICK,elem_5d51e2af,
aac_mix_test_003642,SELECT,elem_48584fe4,JPY
aac_mix_test_003643,CLICK,elem_50b9625a,
aac_mix_test_003644,CLICK,elem_f6a85f73,
aac_mix_test_003645,CLICK,elem_23d96a42,
aac_mix_test_003646,CLICK,elem_8e3288c1,
aac_mix_test_003647,CLICK,elem_289b86c1,
aac_mix_test_003648,CLICK,elem_1579223c,
aac_mix_test_003649,CLICK,elem_26bc1ba8,
aac_mix_test_003650,CLICK,elem_452c1a57,
aac_mix_test_003651,CLICK,elem_6af4a519,
aac_mix_test_003652,CLICK,elem_9f1107e8,
aac_mix_test_003653,CLICK,elem_f431e209,
aac_mix_test_003654,CLICK,elem_3efa86c9,
aac_mix_test_003655,SELECT,elem_8dae5fb3,Scheduled
aac_mix_test_003656,TYPE,elem_77f30601,New York
aac_mix_test_003657,SELECT,elem_e0370898,Low
aac_mix_test_003658,CLICK,elem_646668ac,
aac_mix_test_003659,SELECT,elem_fc8cf5c8,Z-axis
aac_mix_test_003660,TYPE,elem_0126844e,BOT-WG349
aac_mix_test_003661,CLICK,elem_778896cf,
aac_mix_test_003662,SELECT,elem_5980e1ea,Hall B
aac_mix_test_003663,SELECT,elem_744a59f1,Hall B
aac_mix_test_003664,CLICK,elem_228fd201,
aac_mix_test_003665,CLICK,elem_7f6878cc,
aac_mix_test_003666,TYPE,elem_622fd81a,los angeles
aac_mix_test_003667,SELECT,elem_71ae2c6d,Tax correction
aac_mix_test_003668,CLICK,elem_25713a30,
aac_mix_test_003669,CLICK,elem_15e90c48,
aac_mix_test_003670,CLICK,elem_7ef475aa,
aac_mix_test_003671,SELECT,elem_96c1bf25,Restricted
aac_mix_test_003672,CLICK,elem_98a9a79e,
aac_mix_test_003673,CLICK,elem_51460dbd,
aac_mix_test_003674,CLICK,elem_6275c2f9,
aac_mix_test_003675,TYPE,elem_97b85544,Rowan
aac_mix_test_003676,SELECT,elem_37dcf5e4,QC passed
aac_mix_test_003677,CLICK,elem_211894b2,
aac_mix_test_003678,TYPE,elem_a97e632a,D-218
aac_mix_test_003679,TYPE,elem_6431b22e,Avery Martin
aac_mix_test_003680,TYPE,elem_690a7be7,New York
aac_mix_test_003681,CLICK,elem_3b2da0ff,
aac_mix_test_003682,CLICK,elem_22e85d57,
aac_mix_test_003683,TYPE,elem_99d94311,28 May 23
aac_mix_test_003684,SELECT,elem_137bb198,Medium
aac_mix_test_003685,CLICK,elem_3ba1503c,
aac_mix_test_003686,TYPE,elem_338daeb9,Quinn
aac_mix_test_003687,CLICK,elem_bb76b6f2,
aac_mix_test_003688,TYPE,elem_e8733548,ACCT-FB7002
aac_mix_test_003689,CLICK,elem_e2997d3f,
aac_mix_test_003690,CLICK,elem_6df20687,
aac_mix_test_003691,SELECT,elem_a3107ddd,Slack
aac_mix_test_003692,CLICK,elem_85aaada0,
aac_mix_test_003693,CLICK,elem_ad278512,
aac_mix_test_003694,SELECT,elem_93ed61c7,10:00 AM
aac_mix_test_003695,TYPE,elem_99a71329,BK-YR45252
aac_mix_test_003696,TYPE,elem_8104f168,CLS-BV617
aac_mix_test_003697,TYPE,elem_2b7b977f,Jordan Lopez
aac_mix_test_003698,CLICK,elem_5344f4a3,
aac_mix_test_003699,CLICK,elem_5b3cc598,
aac_mix_test_003700,SELECT,elem_1fa88f26,Routine
aac_mix_test_003701,CLICK,elem_4d75be60,
aac_mix_test_003702,TYPE,elem_d1b5d2d9,BK-RU33312
aac_mix_test_003703,TYPE,elem_8d8e163a,South African History Podcasts
aac_mix_test_003704,CLICK,elem_cfe127fc,
aac_mix_test_003705,TYPE,elem_29897271,tofu
aac_mix_test_003706,CLICK,elem_b992c51a,
aac_mix_test_003707,TYPE,elem_e9c7a411,875
aac_mix_test_003708,CLICK,elem_bc9d0514,
aac_mix_test_003709,SELECT,elem_14fd212a,Orchard north
aac_mix_test_003710,CLICK,elem_4b1be7e0,
aac_mix_test_003711,TYPE,elem_d648d505,44012
aac_mix_test_003712,SELECT,elem_0cb12830,Pager
aac_mix_test_003713,SELECT,elem_15e80b9f,DPA
aac_mix_test_003714,CLICK,elem_715330c9,
aac_mix_test_003715,TYPE,elem_733a4d04,Drew Hall
aac_mix_test_003716,TYPE,elem_5f585aae,2026-06-05
aac_mix_test_003717,TYPE,elem_425df4c7,2026-07-02
aac_mix_test_003718,SELECT,elem_ff1a1de2,Manual discount
aac_mix_test_003719,CLICK,elem_969669fc,
aac_mix_test_003720,CLICK,elem_c9a3fcb8,
aac_mix_test_003721,SELECT,elem_910dc759,Scheduled
aac_mix_test_003722,CLICK,elem_cadc0c8f,
aac_mix_test_003723,CLICK,elem_2358a204,
aac_mix_test_003724,CLICK,elem_e8e5c534,
aac_mix_test_003725,CLICK,elem_252d7a68,
aac_mix_test_003726,CLICK,elem_39c6c111,
aac_mix_test_003727,SELECT,elem_c3c3e0c0,English (United Kingdom) - en-GB
aac_mix_test_003728,CLICK,elem_47570631,
aac_mix_test_003729,SELECT,elem_b086e49b,Banquet
aac_mix_test_003730,CLICK,elem_e499bde4,
aac_mix_test_003731,CLICK,elem_77d17390,
aac_mix_test_003732,CLICK,elem_99dea005,
aac_mix_test_003733,SELECT,elem_50cc857c,Medium
aac_mix_test_003734,TYPE,elem_fd0496bb,Mina Davis
aac_mix_test_003735,CLICK,elem_24c7aecd,
aac_mix_test_003736,TYPE,elem_c850b964,2026-08-02
aac_mix_test_003737,SELECT,elem_6d642f5b,A2
aac_mix_test_003738,CLICK,elem_85de1065,
aac_mix_test_003739,TYPE,elem_1cfdfa1e,Mina
aac_mix_test_003740,CLICK,elem_c2165bfa,
aac_mix_test_003741,CLICK,elem_e4eeccbc,
aac_mix_test_003742,SELECT,elem_a41056e9,Finance
aac_mix_test_003743,CLICK,elem_b8558057,
aac_mix_test_003744,CLICK,elem_3edd9c62,
aac_mix_test_003745,CLICK,elem_40f99c9c,
aac_mix_test_003746,CLICK,elem_09b6b141,
aac_mix_test_003747,CLICK,elem_6f4fb6d4,
aac_mix_test_003748,CLICK,elem_da7b6441,
aac_mix_test_003749,TYPE,elem_c7a83ebd,Volunteer kickoff
aac_mix_test_003750,CLICK,elem_5e59cb4e,
aac_mix_test_003751,SELECT,elem_a9dfb5d3,Used
aac_mix_test_003752,TYPE,elem_1cd547cf,2026-07-20
aac_mix_test_003753,TYPE,elem_e6aaceff,Parker Clark
aac_mix_test_003754,CLICK,elem_a73423a0,
aac_mix_test_003755,SELECT,elem_90e03348,Executive Floor
aac_mix_test_003756,CLICK,elem_ab16006c,
aac_mix_test_003757,SELECT,elem_43d2ee2c,Gluten-free
aac_mix_test_003758,CLICK,elem_5cb278f8,
aac_mix_test_003759,CLICK,elem_109d473c,
aac_mix_test_003760,CLICK,elem_58179b32,
aac_mix_test_003761,CLICK,elem_42b0c7ef,
aac_mix_test_003762,CLICK,elem_8eb1a747,
aac_mix_test_003763,CLICK,elem_220cbe1e,
aac_mix_test_003764,TYPE,elem_dfb7c252,2023-05-01
aac_mix_test_003765,TYPE,elem_dbff231a,Lumen
aac_mix_test_003766,TYPE,elem_c5b32779,Iris Garcia
aac_mix_test_003767,CLICK,elem_d61dcd51,
aac_mix_test_003768,CLICK,elem_16851f87,
aac_mix_test_003769,CLICK,elem_fb551a09,
aac_mix_test_003770,TYPE,elem_e99b2e4b,ITM-GE6577
aac_mix_test_003771,CLICK,elem_52252918,
aac_mix_test_003772,TYPE,elem_020a7915,Evan
aac_mix_test_003773,SELECT,elem_37210438,CC-118
aac_mix_test_003774,CLICK,elem_b8ce9cf5,
aac_mix_test_003775,TYPE,elem_aed452e8,GRT-UM32750
aac_mix_test_003776,CLICK,elem_667e2e67,
aac_mix_test_003777,TYPE,elem_5341404d,Columbus CMH
aac_mix_test_003778,SELECT,elem_b5ad9fb4,Service credit
aac_mix_test_003779,CLICK,elem_04d16a1c,
aac_mix_test_003780,SELECT,elem_7bbe8168,Fan noise
aac_mix_test_003781,SELECT,elem_204e62d2,Main line
aac_mix_test_003782,TYPE,elem_2ec9240f,Jamie
aac_mix_test_003783,CLICK,elem_8113cd73,
aac_mix_test_003784,CLICK,elem_2ad1e259,
aac_mix_test_003785,CLICK,elem_ad16b36b,
aac_mix_test_003786,CLICK,elem_8e21f15b,
aac_mix_test_003787,CLICK,elem_53a2813f,
aac_mix_test_003788,CLICK,elem_68edbbd2,
aac_mix_test_003789,TYPE,elem_f7c128cc,"Birmingham Airport, Alabama"
aac_mix_test_003790,CLICK,elem_25ba694c,
aac_mix_test_003791,TYPE,elem_de422799,876
aac_mix_test_003792,TYPE,elem_14b9d974,Joe Bloggs
aac_mix_test_003793,CLICK,elem_1bd61560,
aac_mix_test_003794,CLICK,elem_9a85e948,
aac_mix_test_003795,SELECT,elem_bcae6502,7:30 PM
aac_mix_test_003796,TYPE,elem_95cfc76e,veterinarians
aac_mix_test_003797,SELECT,elem_eab00b2e,Rack North
aac_mix_test_003798,CLICK,elem_e0854a2a,
aac_mix_test_003799,CLICK,elem_b4ce88a4,
aac_mix_test_003800,CLICK,elem_ffef419b,
aac_mix_test_003801,TYPE,elem_4c0d81a6,Mina
aac_mix_test_003802,TYPE,elem_5e054bb7,60173
aac_mix_test_003803,CLICK,elem_5882ebe3,
aac_mix_test_003804,TYPE,elem_c877c39e,90028
aac_mix_test_003805,CLICK,elem_554f386b,
aac_mix_test_003806,CLICK,elem_d0a3581d,
aac_mix_test_003807,CLICK,elem_18f669f6,
aac_mix_test_003808,CLICK,elem_89643be4,
aac_mix_test_003809,SELECT,elem_87796823,Studio East
aac_mix_test_003810,TYPE,elem_f879e07e,Emma
aac_mix_test_003811,CLICK,elem_43101e95,
aac_mix_test_003812,CLICK,elem_4bef8e24,
aac_mix_test_003813,TYPE,elem_33192e23,venice beach mobile coupon
aac_mix_test_003814,CLICK,elem_840359a5,
aac_mix_test_003815,CLICK,elem_6fef2267,
aac_mix_test_003816,CLICK,elem_056dcda5,
aac_mix_test_003817,CLICK,elem_d212ca95,
aac_mix_test_003818,CLICK,elem_815f77e4,
aac_mix_test_003819,TYPE,elem_9f2c6d7e,Lumen
aac_mix_test_003820,TYPE,elem_fd6b6300,Iris
aac_mix_test_003821,TYPE,elem_0b6abf1a,Smith
aac_mix_test_003822,CLICK,elem_5e095fc0,
aac_mix_test_003823,TYPE,elem_f00dad88,Orbit
aac_mix_test_003824,CLICK,elem_9adc4228,
aac_mix_test_003825,CLICK,elem_7aba72aa,
aac_mix_test_003826,TYPE,elem_694e5f39,BOT-CN037
aac_mix_test_003827,TYPE,elem_831dedad,2026-06-23
aac_mix_test_003828,CLICK,elem_9fc7d5e2,
aac_mix_test_003829,CLICK,elem_ab91f2d9,
aac_mix_test_003830,CLICK,elem_3b39b520,
aac_mix_test_003831,CLICK,elem_581f11cf,
aac_mix_test_003832,CLICK,elem_aa871904,
aac_mix_test_003833,CLICK,elem_9f16cc13,
aac_mix_test_003834,CLICK,elem_7c3df6a6,
aac_mix_test_003835,CLICK,elem_32b2561a,
aac_mix_test_003836,CLICK,elem_8852c0fc,
aac_mix_test_003837,SELECT,elem_ff7d397f,Assessment
aac_mix_test_003838,CLICK,elem_a803d9fe,
aac_mix_test_003839,CLICK,elem_8f5f3c42,
aac_mix_test_003840,CLICK,elem_66c45a61,
aac_mix_test_003841,CLICK,elem_b3577500,
aac_mix_test_003842,CLICK,elem_6b847536,
aac_mix_test_003843,CLICK,elem_912f8437,
aac_mix_test_003844,TYPE,elem_baa14a8d,Finance
aac_mix_test_003845,CLICK,elem_6c7bb5ec,
aac_mix_test_003846,CLICK,elem_65e620f7,
aac_mix_test_003847,CLICK,elem_5b49495b,
aac_mix_test_003848,SELECT,elem_d4e98b90,Needs revision
aac_mix_test_003849,SELECT,elem_9cf1343d,CC-310
aac_mix_test_003850,CLICK,elem_7f5a3202,
aac_mix_test_003851,CLICK,elem_439576ef,
aac_mix_test_003852,SELECT,elem_b91ebb02,Sejong
aac_mix_test_003853,CLICK,elem_ab59eca2,
aac_mix_test_003854,CLICK,elem_062c4316,
aac_mix_test_003855,TYPE,elem_b543ba18,Drew Chen
aac_mix_test_003856,CLICK,elem_1fc7209f,
aac_mix_test_003857,TYPE,elem_10acd22e,Musical instruments
aac_mix_test_003858,TYPE,elem_2294bdf6,Kendall Hall
aac_mix_test_003859,CLICK,elem_c9c57178,
aac_mix_test_003860,TYPE,elem_53fb96f8,CLS-XZ360
aac_mix_test_003861,TYPE,elem_fcaf7dd2,Partner breakfast
aac_mix_test_003862,SELECT,elem_c437d5f5,SGD
aac_mix_test_003863,CLICK,elem_206a9a71,
aac_mix_test_003864,TYPE,elem_ba96ebd2,864
aac_mix_test_003865,CLICK,elem_ab59bb19,
aac_mix_test_003866,CLICK,elem_455c53b7,
aac_mix_test_003867,SELECT,elem_2ed076b0,Temporary
aac_mix_test_003868,CLICK,elem_148d18f2,
aac_mix_test_003869,SELECT,elem_eb1880ef,High
aac_mix_test_003870,CLICK,elem_4ae87a6c,
aac_mix_test_003871,CLICK,elem_7f32d01b,
aac_mix_test_003872,CLICK,elem_8b201666,
aac_mix_test_003873,SELECT,elem_520d37ee,Expedite
aac_mix_test_003874,CLICK,elem_f1b13046,
aac_mix_test_003875,TYPE,elem_3330204e,New York
aac_mix_test_003876,CLICK,elem_31c9cd60,
aac_mix_test_003877,CLICK,elem_4a3602c0,
aac_mix_test_003878,TYPE,elem_07af6879,Jordan
aac_mix_test_003879,SELECT,elem_a5fece12,Recovery
aac_mix_test_003880,SELECT,elem_62d7179e,Refund offset
aac_mix_test_003881,TYPE,elem_ca334504,CLS-GJ046
aac_mix_test_003882,TYPE,elem_9a55180c,Olivia Clark
aac_mix_test_003883,CLICK,elem_ae0ed410,
aac_mix_test_003884,TYPE,elem_4eda999d,Evergreen
aac_mix_test_003885,SELECT,elem_a76c6a3b,Staging
aac_mix_test_003886,CLICK,elem_e1cf5ee9,
aac_mix_test_003887,CLICK,elem_8fb67240,
aac_mix_test_003888,CLICK,elem_d8d861f2,
aac_mix_test_003889,SELECT,elem_f01aa1b7,14:30-16:30
aac_mix_test_003890,TYPE,elem_dfa43954,2026-07-23
aac_mix_test_003891,SELECT,elem_363f6e8b,Pager
aac_mix_test_003892,TYPE,elem_1b389fcc,surface dust
aac_mix_test_003893,TYPE,elem_409bdee2,ITM-ZF6832
aac_mix_test_003894,CLICK,elem_f68de230,
aac_mix_test_003895,CLICK,elem_86219e41,
aac_mix_test_003896,CLICK,elem_272accd8,
aac_mix_test_003897,SELECT,elem_7ca03f84,Voice call
aac_mix_test_003898,CLICK,elem_97a9d081,
aac_mix_test_003899,TYPE,elem_fb360dae,Under the Canopy
aac_mix_test_003900,CLICK,elem_94d40ec7,
aac_mix_test_003901,CLICK,elem_6a402613,
aac_mix_test_003902,CLICK,elem_8fe4a1fa,
aac_mix_test_003903,CLICK,elem_b4bb5f3f,
aac_mix_test_003904,TYPE,elem_04bbea09,11111111111
aac_mix_test_003905,CLICK,elem_d0a4a158,
aac_mix_test_003906,SELECT,elem_4b58d90e,Operations
aac_mix_test_003907,TYPE,elem_7f549b06,cucumber
aac_mix_test_003908,CLICK,elem_48a95b1b,
aac_mix_test_003909,CLICK,elem_65a19141,
aac_mix_test_003910,SELECT,elem_fbfe4ea4,Growth
aac_mix_test_003911,SELECT,elem_c4b265c3,Quarantine shelf
aac_mix_test_003912,TYPE,elem_a7b5dbac,238
aac_mix_test_003913,CLICK,elem_5485ae5a,
aac_mix_test_003914,SELECT,elem_f4aac76d,de-DE
aac_mix_test_003915,TYPE,elem_d25c8ef2,CLS-JH593
aac_mix_test_003916,SELECT,elem_771683fb,Sejong
aac_mix_test_003917,TYPE,elem_77449794,Avery
aac_mix_test_003918,TYPE,elem_0a42090d,miami
aac_mix_test_003919,CLICK,elem_78e9a74c,
aac_mix_test_003920,SELECT,elem_87b8cd51,Voice call
aac_mix_test_003921,CLICK,elem_9e73d32c,
aac_mix_test_003922,TYPE,elem_ba8781ad,Alex
aac_mix_test_003923,SELECT,elem_45c6c62a,Webhook relay
aac_mix_test_003924,SELECT,elem_39cfc6f2,Ready for edit
aac_mix_test_003925,CLICK,elem_becbd1e9,
aac_mix_test_003926,CLICK,elem_08a26c7a,
aac_mix_test_003927,CLICK,elem_e7717a6e,
aac_mix_test_003928,TYPE,elem_4718e183,Quinn Singh
aac_mix_test_003929,CLICK,elem_69444bb9,
aac_mix_test_003930,SELECT,elem_10c81782,Sejong
aac_mix_test_003931,SELECT,elem_b99ee24c,Scholar access
aac_mix_test_003932,TYPE,elem_5ff6c743,549
aac_mix_test_003933,CLICK,elem_07ab93fe,
aac_mix_test_003934,CLICK,elem_6465f367,
aac_mix_test_003935,SELECT,elem_13abab63,MSA
aac_mix_test_003936,CLICK,elem_8c0befec,
aac_mix_test_003937,SELECT,elem_51898fe8,Maple
aac_mix_test_003938,CLICK,elem_208cb039,
aac_mix_test_003939,TYPE,elem_bcbd714b,B-350
aac_mix_test_003940,CLICK,elem_28adcf5a,
aac_mix_test_003941,CLICK,elem_c78dab29,
aac_mix_test_003942,SELECT,elem_a0844c37,Amendment
aac_mix_test_003943,CLICK,elem_391a0f15,
aac_mix_test_003944,SELECT,elem_181a3a88,16:00-18:00
aac_mix_test_003945,CLICK,elem_83131629,
aac_mix_test_003946,CLICK,elem_74b82269,
aac_mix_test_003947,TYPE,elem_840dd0f1,dog friendly
aac_mix_test_003948,CLICK,elem_637565c4,
aac_mix_test_003949,TYPE,elem_68b75d7c,Kendall
aac_mix_test_003950,CLICK,elem_2b70035e,
aac_mix_test_003951,CLICK,elem_12c3ab72,
aac_mix_test_003952,CLICK,elem_8e0c812f,
aac_mix_test_003953,CLICK,elem_8ddf1ee2,
aac_mix_test_003954,TYPE,elem_ed9bc74e,New York
aac_mix_test_003955,SELECT,elem_77397ca1,A2
aac_mix_test_003956,TYPE,elem_deff071f,96
aac_mix_test_003957,CLICK,elem_3e2c4d30,
aac_mix_test_003958,TYPE,elem_368667f6,Marcus
aac_mix_test_003959,CLICK,elem_7306709d,
aac_mix_test_003960,CLICK,elem_5b42027c,
aac_mix_test_003961,SELECT,elem_24a7ecb9,dog food
aac_mix_test_003962,SELECT,elem_5483fbc9,Grill
aac_mix_test_003963,CLICK,elem_f4928747,
aac_mix_test_003964,CLICK,elem_804ea29a,
aac_mix_test_003965,CLICK,elem_9c982d0a,
aac_mix_test_003966,CLICK,elem_234fb300,
aac_mix_test_003967,CLICK,elem_336d67d5,
aac_mix_test_003968,CLICK,elem_434b42ae,
aac_mix_test_003969,TYPE,elem_acfa87f6,loose hinge
aac_mix_test_003970,CLICK,elem_f4947ce5,
aac_mix_test_003971,TYPE,elem_fbc854a3,Quiet Signals
aac_mix_test_003972,TYPE,elem_02382214,Joe Bloggs
aac_mix_test_003973,TYPE,elem_171d63f6,Debbie Wolowitz
aac_mix_test_003974,SELECT,elem_af9ea92a,0.10 mm
aac_mix_test_003975,TYPE,elem_7801d322,Casey
aac_mix_test_003976,CLICK,elem_16533b09,
aac_mix_test_003977,SELECT,elem_ad20fbf9,Urgent
aac_mix_test_003978,CLICK,elem_493eca37,
aac_mix_test_003979,CLICK,elem_9dd55870,
aac_mix_test_003980,TYPE,elem_55723fb6,2026-11-05
aac_mix_test_003981,TYPE,elem_c514054b,Accounting & Finance
aac_mix_test_003982,CLICK,elem_ac6b2bd7,
aac_mix_test_003983,SELECT,elem_5f5567d3,Portal note
aac_mix_test_003984,CLICK,elem_b2c842f6,
aac_mix_test_003985,TYPE,elem_5d0a29f5,germany
aac_mix_test_003986,SELECT,elem_122ceddf,Urgent
aac_mix_test_003987,CLICK,elem_f9b5bbdc,
aac_mix_test_003988,TYPE,elem_9b1b8ee1,Cancel ticket
aac_mix_test_003989,CLICK,elem_7347bc84,
aac_mix_test_003990,CLICK,elem_7e2d6cd1,
aac_mix_test_003991,CLICK,elem_17f985ef,
aac_mix_test_003992,CLICK,elem_e0e65f40,
aac_mix_test_003993,SELECT,elem_84af5533,Urgent
aac_mix_test_003994,CLICK,elem_51e18d71,
aac_mix_test_003995,CLICK,elem_827f89f2,
aac_mix_test_003996,SELECT,elem_beae3c70,B2
aac_mix_test_003997,SELECT,elem_f2c78c31,Slack
aac_mix_test_003998,CLICK,elem_85e4c07f,
aac_mix_test_003999,CLICK,elem_a9e63ac8,
aac_mix_test_004000,CLICK,elem_800feddb,
aac_mix_test_004001,TYPE,elem_d5860031,Shanghai
aac_mix_test_004002,CLICK,elem_71d10d50,
aac_mix_test_004003,TYPE,elem_2bc16d5e,2026-09-17
aac_mix_test_004004,CLICK,elem_cfc70bd7,
aac_mix_test_004005,CLICK,elem_898ccf58,
aac_mix_test_004006,TYPE,elem_da815140,206
aac_mix_test_004007,CLICK,elem_4bfaf9bb,
aac_mix_test_004008,TYPE,elem_bfe13046,ACCT-RP8801
aac_mix_test_004009,SELECT,elem_7425f276,CC-509
aac_mix_test_004010,CLICK,elem_8baab4c4,
aac_mix_test_004011,SELECT,elem_aaf7479b,B2
aac_mix_test_004012,TYPE,elem_8ba14bee,boobear@gmail.com
aac_mix_test_004013,CLICK,elem_8a018bd5,
aac_mix_test_004014,TYPE,elem_884118d7,cache purge failing
aac_mix_test_004015,CLICK,elem_b0b7062b,
aac_mix_test_004016,TYPE,elem_f9c08b42,Harper Miller
aac_mix_test_004017,TYPE,elem_16527874,2026-08-11
aac_mix_test_004018,SELECT,elem_1c2a1754,QC passed
aac_mix_test_004019,TYPE,elem_4ea2a19f,CLS-GG165
aac_mix_test_004020,TYPE,elem_123395ad,2026-11-23
aac_mix_test_004021,TYPE,elem_e47c49df,341
aac_mix_test_004022,SELECT,elem_322aef1f,GBP
aac_mix_test_004023,CLICK,elem_5e0a5337,
aac_mix_test_004024,CLICK,elem_abc188c5,
aac_mix_test_004025,CLICK,elem_3b63c605,
aac_mix_test_004026,CLICK,elem_2b4b3a1b,
aac_mix_test_004027,CLICK,elem_6993dac6,
aac_mix_test_004028,CLICK,elem_4bd03242,
aac_mix_test_004029,TYPE,elem_b5d219d4,Denise Bloom
aac_mix_test_004030,SELECT,elem_ddc15549,High
aac_mix_test_004031,TYPE,elem_afddb441,Jisoo
aac_mix_test_004032,TYPE,elem_0ad83ed2,Drew Adams
aac_mix_test_004033,CLICK,elem_95c4e568,
aac_mix_test_004034,CLICK,elem_ab834b1b,
aac_mix_test_004035,CLICK,elem_951364e1,
aac_mix_test_004036,TYPE,elem_2eddebb2,Buckeye.foobar@gmail.com
aac_mix_test_004037,CLICK,elem_109a855a,
aac_mix_test_004038,CLICK,elem_79a3a26e,
aac_mix_test_004039,TYPE,elem_d10acf5b,123456789
aac_mix_test_004040,SELECT,elem_14add70e,13:00-15:00
aac_mix_test_004041,CLICK,elem_23b92390,
aac_mix_test_004042,CLICK,elem_3086cef1,
aac_mix_test_004043,CLICK,elem_bad242d1,
aac_mix_test_004044,CLICK,elem_3af34b78,
aac_mix_test_004045,TYPE,elem_9fa2c282,Nadia
aac_mix_test_004046,TYPE,elem_47ff8107,SAT-YU4497
aac_mix_test_004047,CLICK,elem_cd05ea5d,
aac_mix_test_004048,CLICK,elem_8e30fc32,
aac_mix_test_004049,SELECT,elem_539ce6a3,Pulse
aac_mix_test_004050,CLICK,elem_896dd9fb,
aac_mix_test_004051,TYPE,elem_c45176ff,Avery Lopez
aac_mix_test_004052,CLICK,elem_a73b6eeb,
aac_mix_test_004053,SELECT,elem_4ad04a0e,Temporary
aac_mix_test_004054,TYPE,elem_371a769c,oakland
aac_mix_test_004055,CLICK,elem_3b385429,
aac_mix_test_004056,TYPE,elem_ebaf80b5,AST-VA78881
aac_mix_test_004057,SELECT,elem_e673e343,Archive Vault
aac_mix_test_004058,CLICK,elem_39a3e78b,
aac_mix_test_004059,TYPE,elem_34558965,ACCT-YP5977
aac_mix_test_004060,TYPE,elem_27455b8c,275
aac_mix_test_004061,CLICK,elem_409e62c7,
aac_mix_test_004062,CLICK,elem_dd8e5a35,
aac_mix_test_004063,CLICK,elem_4739e071,
aac_mix_test_004064,SELECT,elem_2f8c84ec,18:00-20:00
aac_mix_test_004065,CLICK,elem_d7e60ac0,
aac_mix_test_004066,TYPE,elem_fb5a8dd0,212
aac_mix_test_004067,CLICK,elem_a13d8c6a,
aac_mix_test_004068,CLICK,elem_99f03858,
aac_mix_test_004069,TYPE,elem_e82871d2,Hana
aac_mix_test_004070,CLICK,elem_12174b1a,
aac_mix_test_004071,CLICK,elem_6fa17d93,
aac_mix_test_004072,SELECT,elem_cd2de9a4,No power
aac_mix_test_004073,CLICK,elem_a7a8f3d5,
aac_mix_test_004074,CLICK,elem_ae08a5b3,
aac_mix_test_004075,TYPE,elem_0a3481bc,272
aac_mix_test_004076,CLICK,elem_e559b60b,
aac_mix_test_004077,CLICK,elem_a54b0bc7,
aac_mix_test_004078,TYPE,elem_007ef027,"New Delhi, India"
aac_mix_test_004079,SELECT,elem_e68d9fe5,Approved
aac_mix_test_004080,CLICK,elem_3fdd3fb6,
aac_mix_test_004081,SELECT,elem_cf267ede,Enrolled
aac_mix_test_004082,CLICK,elem_55245e4d,
aac_mix_test_004083,CLICK,elem_ca5abe67,
aac_mix_test_004084,CLICK,elem_7b3e401b,
aac_mix_test_004085,SELECT,elem_b1da6f18,Executive Floor
aac_mix_test_004086,TYPE,elem_09b3019e,Popular
aac_mix_test_004087,CLICK,elem_1774fc4f,
aac_mix_test_004088,CLICK,elem_18a25874,
aac_mix_test_004089,CLICK,elem_f4726a7b,
aac_mix_test_004090,CLICK,elem_48b16f86,
aac_mix_test_004091,CLICK,elem_1fa66436,
aac_mix_test_004092,SELECT,elem_3285e980,Pager
aac_mix_test_004093,CLICK,elem_c6ecf509,
aac_mix_test_004094,CLICK,elem_6b42484c,
aac_mix_test_004095,CLICK,elem_8d45d1ad,
aac_mix_test_004096,CLICK,elem_8dd1828e,
aac_mix_test_004097,CLICK,elem_29487ad3,
aac_mix_test_004098,CLICK,elem_92538f6e,
aac_mix_test_004099,CLICK,elem_d7fe4214,
aac_mix_test_004100,SELECT,elem_99719086,Vegan bar
aac_mix_test_004101,TYPE,elem_3008b248,CRYO-RD3331
aac_mix_test_004102,TYPE,elem_3fba1a79,Harper
aac_mix_test_004103,CLICK,elem_92288875,
aac_mix_test_004104,TYPE,elem_314c87ac,2026-06-23
aac_mix_test_004105,CLICK,elem_a201d406,
aac_mix_test_004106,CLICK,elem_7f047dd9,
aac_mix_test_004107,CLICK,elem_916814b4,
aac_mix_test_004108,TYPE,elem_3c47254f,2026-10-26
aac_mix_test_004109,CLICK,elem_cf8127fc,
aac_mix_test_004110,CLICK,elem_658548c2,
aac_mix_test_004111,SELECT,elem_db615882,Y-axis
aac_mix_test_004112,CLICK,elem_47d3a94e,
aac_mix_test_004113,SELECT,elem_b1a0d328,DPA
aac_mix_test_004114,CLICK,elem_d9326b3a,
aac_mix_test_004115,CLICK,elem_6bdf19f5,
aac_mix_test_004116,CLICK,elem_025bbda4,
aac_mix_test_004117,CLICK,elem_300e355c,
aac_mix_test_004118,TYPE,elem_d8cb61ef,The Alloy Room
aac_mix_test_004119,CLICK,elem_babc9079,
aac_mix_test_004120,CLICK,elem_553f63be,
aac_mix_test_004121,CLICK,elem_369fb314,
aac_mix_test_004122,CLICK,elem_56720288,
aac_mix_test_004123,CLICK,elem_f9d3f298,
aac_mix_test_004124,CLICK,elem_1dba3892,
aac_mix_test_004125,CLICK,elem_0e47bf15,
aac_mix_test_004126,TYPE,elem_7fa1e393,Under the Canopy
aac_mix_test_004127,TYPE,elem_29c1da16,699
aac_mix_test_004128,TYPE,elem_af2cde71,541
aac_mix_test_004129,SELECT,elem_9f71ed15,Starter
aac_mix_test_004130,TYPE,elem_836f92cc,Theo Young
aac_mix_test_004131,CLICK,elem_a150ba52,
aac_mix_test_004132,TYPE,elem_e7fcdab0,sesame
aac_mix_test_004133,SELECT,elem_399902e3,Studio East
aac_mix_test_004134,TYPE,elem_065a63b2,172
aac_mix_test_004135,CLICK,elem_b81c0b9c,
aac_mix_test_004136,CLICK,elem_71f0d070,
aac_mix_test_004137,CLICK,elem_5ed292ed,
aac_mix_test_004138,SELECT,elem_e95d0f6c,Escalated
aac_mix_test_004139,CLICK,elem_b6e360b0,
aac_mix_test_004140,CLICK,elem_4bd4a247,
aac_mix_test_004141,SELECT,elem_9f4c77b3,13:00-15:00
aac_mix_test_004142,CLICK,elem_9d84edf4,
aac_mix_test_004143,TYPE,elem_41199521,B-439
aac_mix_test_004144,TYPE,elem_6b7b1802,Earth Day
aac_mix_test_004145,TYPE,elem_aa9f83d5,bellingham
aac_mix_test_004146,CLICK,elem_27ac3555,
aac_mix_test_004147,CLICK,elem_2046bf60,
aac_mix_test_004148,CLICK,elem_ff060ddf,
aac_mix_test_004149,TYPE,elem_87e1876d,regional error spike
aac_mix_test_004150,TYPE,elem_00e5fb45,1234567890123456
aac_mix_test_004151,CLICK,elem_c5a09617,
aac_mix_test_004152,TYPE,elem_32883964,LN-MR26287
aac_mix_test_004153,SELECT,elem_6494e8b8,SEV-1
aac_mix_test_004154,CLICK,elem_dc7a1613,
aac_mix_test_004155,CLICK,elem_1a4b3f9d,
aac_mix_test_004156,CLICK,elem_ed0d6fc2,
aac_mix_test_004157,CLICK,elem_f14cd9a4,
aac_mix_test_004158,CLICK,elem_40fd3f27,
aac_mix_test_004159,SELECT,elem_defaafe0,SEV-2
aac_mix_test_004160,CLICK,elem_b5e492c0,
aac_mix_test_004161,CLICK,elem_7dda42c5,
aac_mix_test_004162,CLICK,elem_43d1a50c,
aac_mix_test_004163,TYPE,elem_0a2e9b43,7
aac_mix_test_004164,TYPE,elem_f93d0e8e,stable crack
aac_mix_test_004165,CLICK,elem_3fb640fb,
aac_mix_test_004166,CLICK,elem_e7595023,
aac_mix_test_004167,TYPE,elem_4d14b684,Morgan
aac_mix_test_004168,CLICK,elem_22a56d36,
aac_mix_test_004169,CLICK,elem_6378be57,
aac_mix_test_004170,CLICK,elem_65d99f08,
aac_mix_test_004171,CLICK,elem_8ded10dd,
aac_mix_test_004172,CLICK,elem_69de58aa,
aac_mix_test_004173,TYPE,elem_b06b947e,vince
aac_mix_test_004174,CLICK,elem_15ec7097,
aac_mix_test_004175,CLICK,elem_8e52c2fa,
aac_mix_test_004176,CLICK,elem_e7a384b6,
aac_mix_test_004177,CLICK,elem_8575d6d6,
aac_mix_test_004178,CLICK,elem_a6f23bda,
aac_mix_test_004179,CLICK,elem_96edc64d,
aac_mix_test_004180,CLICK,elem_2f543436,
aac_mix_test_004181,CLICK,elem_cca714ba,
aac_mix_test_004182,TYPE,elem_71d28d07,CLS-BP028
aac_mix_test_004183,CLICK,elem_6c1f2e74,
aac_mix_test_004184,CLICK,elem_6885857c,
aac_mix_test_004185,CLICK,elem_dbb0481b,
aac_mix_test_004186,CLICK,elem_aa3d1349,
aac_mix_test_004187,CLICK,elem_8f59a9f3,
aac_mix_test_004188,CLICK,elem_3fd814b4,
aac_mix_test_004189,SELECT,elem_4fc916bc,Enrolled
aac_mix_test_004190,TYPE,elem_c194cec5,2026-10-08
aac_mix_test_004191,CLICK,elem_762705c4,
aac_mix_test_004192,CLICK,elem_a5d6d314,
aac_mix_test_004193,TYPE,elem_c6c35b6b,CLS-XN969
aac_mix_test_004194,CLICK,elem_a76d47d4,
aac_mix_test_004195,SELECT,elem_9de480fe,Dry run
aac_mix_test_004196,TYPE,elem_4af48dbc,Volunteer kickoff
aac_mix_test_004197,SELECT,elem_a6436615,X-axis
aac_mix_test_004198,CLICK,elem_3286b118,
aac_mix_test_004199,CLICK,elem_23da50b9,
aac_mix_test_004200,SELECT,elem_6d109d88,Low
aac_mix_test_004201,TYPE,elem_ce68bdae,D-605
aac_mix_test_004202,TYPE,elem_337d6a83,2026-10-02
aac_mix_test_004203,SELECT,elem_ba7c2223,SEV-2
aac_mix_test_004204,SELECT,elem_9c9d7956,QA
aac_mix_test_004205,CLICK,elem_72ace941,
aac_mix_test_004206,TYPE,elem_02b96e9d,2026-07-20
aac_mix_test_004207,CLICK,elem_b2c701ff,
aac_mix_test_004208,SELECT,elem_561b76cd,CC-509
aac_mix_test_004209,SELECT,elem_8f357d72,Elevated
aac_mix_test_004210,TYPE,elem_d8b237ec,Dockline
aac_mix_test_004211,SELECT,elem_1b4fe3b0,London & South East
aac_mix_test_004212,TYPE,elem_f77f40a4,2026-06-11
aac_mix_test_004213,CLICK,elem_db1ee458,
aac_mix_test_004214,TYPE,elem_086e9a21,2026-11-26
aac_mix_test_004215,TYPE,elem_0b830971,ACCT-VM4425
aac_mix_test_004216,CLICK,elem_26b7bbe1,
aac_mix_test_004217,TYPE,elem_315ad148,Avery
aac_mix_test_004218,CLICK,elem_ffef2877,
aac_mix_test_004219,SELECT,elem_4b71725d,Banquet
aac_mix_test_004220,SELECT,elem_5331c37c,SEV-2
aac_mix_test_004221,CLICK,elem_5fe6bbc3,
aac_mix_test_004222,SELECT,elem_7e9f3447,Restricted
aac_mix_test_004223,SELECT,elem_590cf2e4,Escalated
aac_mix_test_004224,TYPE,elem_0a169fc0,token refresh errors
aac_mix_test_004225,SELECT,elem_4ef0d979,Facilities
aac_mix_test_004226,CLICK,elem_320a668d,
aac_mix_test_004227,SELECT,elem_9edaa6e3,Enrolled
aac_mix_test_004228,CLICK,elem_1d4f35fc,
aac_mix_test_004229,CLICK,elem_1b7d5d6c,
aac_mix_test_004230,CLICK,elem_42922551,
aac_mix_test_004231,SELECT,elem_82a9ffa3,Identity proxy
aac_mix_test_004232,CLICK,elem_9de1b956,
aac_mix_test_004233,CLICK,elem_3767792e,
aac_mix_test_004234,TYPE,elem_de6b1666,2026-05-23
aac_mix_test_004235,CLICK,elem_d7a2a2cf,
aac_mix_test_004236,TYPE,elem_1a6ef22b,chicago
aac_mix_test_004237,TYPE,elem_4d69b272,CLS-FS165
aac_mix_test_004238,CLICK,elem_373b95a5,
aac_mix_test_004239,SELECT,elem_ff52ac7f,High
aac_mix_test_004240,SELECT,elem_1941f683,Repair bench
aac_mix_test_004241,TYPE,elem_b74cb338,Harper
aac_mix_test_004242,SELECT,elem_6f05d3bc,Beacon data
aac_mix_test_004243,TYPE,elem_1e8a5195,cache-29
aac_mix_test_004244,CLICK,elem_ee867b15,
aac_mix_test_004245,CLICK,elem_27c5fa8e,
aac_mix_test_004246,CLICK,elem_f161c905,
aac_mix_test_004247,TYPE,elem_18c89eb6,Rowan
aac_mix_test_004248,CLICK,elem_a60fac9c,
aac_mix_test_004249,CLICK,elem_bf2c29e7,
aac_mix_test_004250,TYPE,elem_3c4f378a,USA
aac_mix_test_004251,CLICK,elem_14e53000,
aac_mix_test_004252,SELECT,elem_56ed385b,Seminar 204
aac_mix_test_004253,CLICK,elem_45c62b6c,
aac_mix_test_004254,CLICK,elem_793ded90,
aac_mix_test_004255,CLICK,elem_3492e82d,
aac_mix_test_004256,CLICK,elem_1352ba41,
aac_mix_test_004257,CLICK,elem_01fee667,
aac_mix_test_004258,CLICK,elem_6497acf0,
aac_mix_test_004259,CLICK,elem_25be6a84,
aac_mix_test_004260,SELECT,elem_d1ba5187,Slack
aac_mix_test_004261,CLICK,elem_631db4cf,
aac_mix_test_004262,CLICK,elem_6e34b487,
aac_mix_test_004263,CLICK,elem_8bfc46a0,
aac_mix_test_004264,CLICK,elem_7c604a94,
aac_mix_test_004265,CLICK,elem_39e56ddb,
aac_mix_test_004266,CLICK,elem_fe6131dc,
aac_mix_test_004267,CLICK,elem_6e934b66,
aac_mix_test_004268,SELECT,elem_b9a2ff7d,Low
aac_mix_test_004269,CLICK,elem_1ceb324c,
aac_mix_test_004270,CLICK,elem_bdf348cf,
aac_mix_test_004271,TYPE,elem_f623ba5b,stable crack
aac_mix_test_004272,CLICK,elem_2ca863e3,
aac_mix_test_004273,TYPE,elem_05172b27,johnson
aac_mix_test_004274,CLICK,elem_6ad1ab3f,
aac_mix_test_004275,CLICK,elem_24d8adde,
aac_mix_test_004276,TYPE,elem_745135eb,Mina Singh
aac_mix_test_004277,CLICK,elem_f5207ce6,
aac_mix_test_004278,CLICK,elem_1f2e3c7c,
aac_mix_test_004279,CLICK,elem_9adc2521,
aac_mix_test_004280,CLICK,elem_673449cb,
aac_mix_test_004281,CLICK,elem_cfcacd69,
aac_mix_test_004282,CLICK,elem_5768ecdc,
aac_mix_test_004283,TYPE,elem_454960ac,Alex
aac_mix_test_004284,CLICK,elem_53caf814,
aac_mix_test_004285,CLICK,elem_43faf0d0,
aac_mix_test_004286,CLICK,elem_172b5d69,
aac_mix_test_004287,SELECT,elem_31de383f,Starter
aac_mix_test_004288,SELECT,elem_19181edc,Emergency
aac_mix_test_004289,CLICK,elem_14b9dba8,
aac_mix_test_004290,CLICK,elem_66a36393,
aac_mix_test_004291,CLICK,elem_f5f83e50,
aac_mix_test_004292,CLICK,elem_957c6696,
aac_mix_test_004293,CLICK,elem_aa5c52e2,
aac_mix_test_004294,CLICK,elem_a71654ad,
aac_mix_test_004295,CLICK,elem_2b2bc1bf,
aac_mix_test_004296,TYPE,elem_f7f700ec,Olivia
aac_mix_test_004297,CLICK,elem_98ac052e,
aac_mix_test_004298,SELECT,elem_71518908,GBP
aac_mix_test_004299,TYPE,elem_59fdbba0,Dawon Energy
aac_mix_test_004300,TYPE,elem_c47fdc83,mint
aac_mix_test_004301,CLICK,elem_8fd7f873,
aac_mix_test_004302,SELECT,elem_f74ac652,Cleaning
aac_mix_test_004303,TYPE,elem_53e36776,CLS-HB426
aac_mix_test_004304,CLICK,elem_f7960bce,
aac_mix_test_004305,CLICK,elem_8d2a75e7,
aac_mix_test_004306,TYPE,elem_7ab50f26,2026-09-05
aac_mix_test_004307,TYPE,elem_50472c1f,GRT-BR38515
aac_mix_test_004308,CLICK,elem_f1eb27f3,
aac_mix_test_004309,CLICK,elem_76c293a1,
aac_mix_test_004310,CLICK,elem_ff75bc92,
aac_mix_test_004311,SELECT,elem_06c98be1,Production
aac_mix_test_004312,CLICK,elem_a4fca04d,
aac_mix_test_004313,SELECT,elem_587d2d67,Production
aac_mix_test_004314,CLICK,elem_37e96b7d,
aac_mix_test_004315,SELECT,elem_aa786c06,Window side
aac_mix_test_004316,CLICK,elem_78904430,
aac_mix_test_004317,CLICK,elem_1c8b421f,
aac_mix_test_004318,TYPE,elem_576f645f,Under the Canopy
aac_mix_test_004319,SELECT,elem_69288435,Finance
aac_mix_test_004320,CLICK,elem_efecb2fc,
aac_mix_test_004321,CLICK,elem_05dcc0d9,
aac_mix_test_004322,CLICK,elem_943268de,
aac_mix_test_004323,TYPE,elem_f0fdb42e,new orleans
aac_mix_test_004324,CLICK,elem_bcbe35a4,
aac_mix_test_004325,TYPE,elem_ae16bd7a,Theo
aac_mix_test_004326,CLICK,elem_f0b47304,
aac_mix_test_004327,CLICK,elem_450ef244,
aac_mix_test_004328,TYPE,elem_d83b49a4,xbox 360 games
aac_mix_test_004329,CLICK,elem_837ad465,
aac_mix_test_004330,CLICK,elem_96ae43db,
aac_mix_test_004331,SELECT,elem_9a88c97d,QA
aac_mix_test_004332,TYPE,elem_40fa59fb,Nadia Young
aac_mix_test_004333,CLICK,elem_7b0971d4,
aac_mix_test_004334,TYPE,elem_6b558cf9,2026-12-08
aac_mix_test_004335,CLICK,elem_748c6159,
aac_mix_test_004336,SELECT,elem_58e2715c,Pager
aac_mix_test_004337,CLICK,elem_8863c33b,
aac_mix_test_004338,TYPE,elem_ba156333,Stewart Bloom
aac_mix_test_004339,SELECT,elem_03de8366,18:00-20:00
aac_mix_test_004340,CLICK,elem_27f61d46,
aac_mix_test_004341,TYPE,elem_7aa56867,queue drain stalled
aac_mix_test_004342,CLICK,elem_bb055e32,
aac_mix_test_004343,SELECT,elem_756fde6b,Urgent
aac_mix_test_004344,SELECT,elem_5e05c955,Daejeon
aac_mix_test_004345,TYPE,elem_2208475d,French best sellers under $40 available in digital that are currently in stock.
aac_mix_test_004346,TYPE,elem_85360a70,Liam
aac_mix_test_004347,TYPE,elem_614e0734,2026-09-08
aac_mix_test_004348,CLICK,elem_2f05c69a,
aac_mix_test_004349,SELECT,elem_fdb5f1db,EUR
aac_mix_test_004350,TYPE,elem_128a6860,san diego california
aac_mix_test_004351,CLICK,elem_6347704c,
aac_mix_test_004352,CLICK,elem_e4d25323,
aac_mix_test_004353,SELECT,elem_c5d36f95,Staging
aac_mix_test_004354,TYPE,elem_f9fe5dce,2026-06-23
aac_mix_test_004355,CLICK,elem_62fb8df6,
aac_mix_test_004356,TYPE,elem_6b2ec27c,kale
aac_mix_test_004357,CLICK,elem_553ed9e2,
aac_mix_test_004358,CLICK,elem_89cde301,
aac_mix_test_004359,CLICK,elem_2f9c5f09,
aac_mix_test_004360,TYPE,elem_2b0fb6ff,2026-07-08
aac_mix_test_004361,CLICK,elem_5665b958,
aac_mix_test_004362,CLICK,elem_a62021be,
aac_mix_test_004363,TYPE,elem_7eac3cb7,Casey
aac_mix_test_004364,TYPE,elem_4313efca,Summer
aac_mix_test_004365,CLICK,elem_19930781,
aac_mix_test_004366,TYPE,elem_029ffb5b,2026-11-08
aac_mix_test_004367,SELECT,elem_a63bae2d,QC passed
aac_mix_test_004368,TYPE,elem_14b2344f,142
aac_mix_test_004369,CLICK,elem_8b817d98,
aac_mix_test_004370,CLICK,elem_e31224a0,
aac_mix_test_004371,CLICK,elem_9020ff2d,
aac_mix_test_004372,TYPE,elem_74d5d6b6,Mina Wright
aac_mix_test_004373,CLICK,elem_a646e031,
aac_mix_test_004374,CLICK,elem_e430e173,
aac_mix_test_004375,TYPE,elem_abca8b26,Nadia
aac_mix_test_004376,CLICK,elem_cf00d7fe,
aac_mix_test_004377,CLICK,elem_87f0df9e,
aac_mix_test_004378,CLICK,elem_937a1ac0,
aac_mix_test_004379,CLICK,elem_9a46f51a,
aac_mix_test_004380,TYPE,elem_608d020b,Harper
aac_mix_test_004381,TYPE,elem_22e921da,New York
aac_mix_test_004382,TYPE,elem_541166f9,2026-10-23
aac_mix_test_004383,TYPE,elem_576a4488,regional error spike
aac_mix_test_004384,CLICK,elem_3c98c432,
aac_mix_test_004385,CLICK,elem_004ec7e1,
aac_mix_test_004386,CLICK,elem_6d17cd94,
aac_mix_test_004387,TYPE,elem_f4d993fc,Hana
aac_mix_test_004388,TYPE,elem_fbabd4ad,686
aac_mix_test_004389,CLICK,elem_59dca863,
aac_mix_test_004390,TYPE,elem_7bf83681,Joe Bloggs
aac_mix_test_004391,SELECT,elem_ad5ee8e0,Pager
aac_mix_test_004392,CLICK,elem_294c0d8d,
aac_mix_test_004393,CLICK,elem_0f349aa8,
aac_mix_test_004394,CLICK,elem_2677eaec,
aac_mix_test_004395,CLICK,elem_e1f0ce1d,
aac_mix_test_004396,TYPE,elem_7e7bbbe6,Radio City Music Hall
aac_mix_test_004397,CLICK,elem_36ed3cc4,
aac_mix_test_004398,CLICK,elem_a370272d,
aac_mix_test_004399,CLICK,elem_8886cd35,
aac_mix_test_004400,SELECT,elem_024cc90f,Tank 7
aac_mix_test_004401,CLICK,elem_b66815e7,
aac_mix_test_004402,CLICK,elem_57bb9114,
aac_mix_test_004403,CLICK,elem_8dd7e25e,
aac_mix_test_004404,TYPE,elem_800f1a0b,ACCT-BF7790
aac_mix_test_004405,CLICK,elem_3ba33da1,
aac_mix_test_004406,SELECT,elem_876d6a1f,Harbor
aac_mix_test_004407,CLICK,elem_6362a9e1,
aac_mix_test_004408,CLICK,elem_4bceef7c,
aac_mix_test_004409,CLICK,elem_3efab929,
aac_mix_test_004410,CLICK,elem_8562b601,
aac_mix_test_004411,CLICK,elem_a0d198b6,
aac_mix_test_004412,CLICK,elem_6f26b400,
aac_mix_test_004413,CLICK,elem_fee11335,
aac_mix_test_004414,TYPE,elem_e88ea8e9,Dawon
aac_mix_test_004415,TYPE,elem_73ac219a,Nadia
aac_mix_test_004416,CLICK,elem_b8f507a4,
